3.269999999999999990e-02,1.266840404638772677e-01,1.320000000000000062e-01,7.996122823888276998e-02,6.390000000000000124e-01,8.820000000000000062e-01,3.326254429805795554e-01,5.170000000000000290e-02,4.170000000000000095e-02,4.058101830236463881e-05,7.789999999999999702e-02,6.690000000000000391e-01,7.116829938232364927e-02,3.300000000000000155e-01,1.710000000000000062e-02,8.843175372505554174e-03,9.419999999999999554e-03,8.699999999999999400e-03,9.243008280561429424e-02,1.000000000000000021e-03,0.000000000000000000e+00,9.469999999999999529e-01,2.600000000000000089e-01,8.940000000000000169e-01,2.942572816494519738e-01,4.929999999999999938e-01,4.179999999999999827e-01,8.399999999999999689e-01,6.367323110566379674e-01,9.409999999999999476e-01
3.269999999999999990e-02,1.157404147396079858e-01,1.320000000000000062e-01,9.243797925135277538e-02,6.390000000000000124e-01,8.820000000000000062e-01,3.297868985480252313e-01,5.170000000000000290e-02,4.170000000000000095e-02,1.907561133039069670e-02,7.789999999999999702e-02,6.690000000000000391e-01,1.218428141313704638e-01,3.300000000000000155e-01,1.710000000000000062e-02,1.884086183257232400e-05,9.419999999999999554e-03,8.699999999999999400e-03,8.084136880597429797e-02,1.000000000000000021e-03,0.000000000000000000e+00,9.469999999999999529e-01,2.600000000000000089e-01,8.940000000000000169e-01,8.247360437784119203e-01,4.929999999999999938e-01,4.179999999999999827e-01,8.399999999999999689e-01,9.665299330443343218e-01,9.409999999999999476e-01
3.269999999999999990e-02,7.544757875677685077e-02,1.320000000000000062e-01,5.530276340867597978e-02,6.390000000000000124e-01,8.820000000000000062e-01,3.329927599072779465e-01,5.170000000000000290e-02,4.170000000000000095e-02,4.641683081035477527e-05,7.789999999999999702e-02,6.690000000000000391e-01,5.049388700818546044e-02,3.300000000000000155e-01,1.710000000000000062e-02,1.503057717540320914e-02,9.419999999999999554e-03,8.699999999999999400e-03,1.701342772296347006e-01,1.000000000000000021e-03,0.000000000000000000e+00,9.469999999999999529e-01,2.600000000000000089e-01,8.940000000000000169e-01,8.498980874202117786e-01,4.929999999999999938e-01,4.179999999999999827e-01,8.399999999999999689e-01,8.993601552870216231e-01,9.409999999999999476e-01
3.269999999999999990e-02,6.968696423589879618e-01,1.320000000000000062e-01,1.254070481163093997e-01,6.390000000000000124e-01,8.820000000000000062e-01,3.328562402030143530e-01,5.170000000000000290e-02,4.170000000000000095e-02,2.963456857821501929e-04,7.789999999999999702e-02,6.690000000000000391e-01,1.249022255897151851e-01,3.300000000000000155e-01,1.710000000000000062e-02,6.146285479456717847e-03,9.419999999999999554e-03,8.699999999999999400e-03,7.774997376656117565e-01,1.000000000000000021e-03,0.000000000000000000e+00,9.469999999999999529e-01,2.600000000000000089e-01,8.940000000000000169e-01,6.418166280454127293e-01,4.929999999999999938e-01,4.179999999999999827e-01,8.399999999999999689e-01,4.221578407891975471e-01,9.409999999999999476e-01
3.269999999999999990e-02,1.214552587442052772e-01,1.320000000000000062e-01,2.627100331681705633e-02,6.390000000000000124e-01,8.820000000000000062e-01,3.322231216524536013e-01,5.170000000000000290e-02,4.170000000000000095e-02,1.157551661808009914e-05,7.789999999999999702e-02,6.690000000000000391e-01,2.653989694176222755e-02,3.300000000000000155e-01,1.710000000000000062e-02,1.604693723549261569e-02,9.419999999999999554e-03,8.699999999999999400e-03,9.189791766358336167e-01,1.000000000000000021e-03,0.000000000000000000e+00,9.469999999999999529e-01,2.600000000000000089e-01,8.940000000000000169e-01,8.845459434835413193e-01,4.929999999999999938e-01,4.179999999999999827e-01,8.399999999999999689e-01,6.482291011971936801e-01,9.409999999999999476e-01
3.269999999999999990e-02,7.315246438102289417e-02,1.320000000000000062e-01,5.314468807460415167e-02,6.390000000000000124e-01,8.820000000000000062e-01,3.320800642635979294e-01,5.170000000000000290e-02,4.170000000000000095e-02,1.820163312105736500e-05,7.789999999999999702e-02,6.690000000000000391e-01,5.974879932232685098e-02,3.300000000000000155e-01,1.710000000000000062e-02,1.275727805242173572e-02,9.419999999999999554e-03,8.699999999999999400e-03,2.602435449257594624e-01,1.000000000000000021e-03,0.000000000000000000e+00,9.469999999999999529e-01,2.600000000000000089e-01,8.940000000000000169e-01,8.374318482441436839e-02,4.929999999999999938e-01,4.179999999999999827e-01,8.399999999999999689e-01,7.801784537961327093e-01,9.409999999999999476e-01
3.269999999999999990e-02,2.247643106376590871e-01,1.320000000000000062e-01,4.633319693751019458e-02,6.390000000000000124e-01,8.820000000000000062e-01,3.328778006140698520e-01,5.170000000000000290e-02,4.170000000000000095e-02,1.968327252608911945e-05,7.789999999999999702e-02,6.690000000000000391e-01,4.184732213576974891e-02,3.300000000000000155e-01,1.710000000000000062e-02,7.111860083929918801e-03,9.419999999999999554e-03,8.699999999999999400e-03,8.166618805220432487e-01,1.000000000000000021e-03,0.000000000000000000e+00,9.469999999999999529e-01,2.600000000000000089e-01,8.940000000000000169e-01,2.480920446566789450e-02,4.929999999999999938e-01,4.179999999999999827e-01,8.399999999999999689e-01,8.244342362340062458e-01,9.409999999999999476e-01
3.269999999999999990e-02,5.487968941024350400e-01,1.320000000000000062e-01,5.717892351947229113e-02,6.390000000000000124e-01,8.820000000000000062e-01,3.321733969159598732e-01,5.170000000000000290e-02,4.170000000000000095e-02,3.498059118716502535e-05,7.789999999999999702e-02,6.690000000000000391e-01,5.387015188287144762e-02,3.300000000000000155e-01,1.710000000000000062e-02,5.333658659561331568e-03,9.419999999999999554e-03,8.699999999999999400e-03,5.483350928143157499e-02,1.000000000000000021e-03,0.000000000000000000e+00,9.469999999999999529e-01,2.600000000000000089e-01,8.940000000000000169e-01,2.909018681689294894e-01,4.929999999999999938e-01,4.179999999999999827e-01,8.399999999999999689e-01,9.170646701809459511e-01,9.409999999999999476e-01
3.269999999999999990e-02,5.962910554575295841e-01,1.320000000000000062e-01,7.836121677386398421e-02,6.390000000000000124e-01,8.820000000000000062e-01,3.272937421223894305e-01,5.170000000000000290e-02,4.170000000000000095e-02,1.817889293839912630e-05,7.789999999999999702e-02,6.690000000000000391e-01,7.480795435423355511e-02,3.300000000000000155e-01,1.710000000000000062e-02,7.146535535911898926e-03,9.419999999999999554e-03,8.699999999999999400e-03,1.313725536521810622e-01,1.000000000000000021e-03,0.000000000000000000e+00,9.469999999999999529e-01,2.600000000000000089e-01,8.940000000000000169e-01,1.777413108174346612e-01,4.929999999999999938e-01,4.179999999999999827e-01,8.399999999999999689e-01,7.888517385180733310e-01,9.409999999999999476e-01
3.269999999999999990e-02,1.283749670810599985e-01,1.320000000000000062e-01,2.524198377085032363e-02,6.390000000000000124e-01,8.820000000000000062e-01,3.279166490070166695e-01,5.170000000000000290e-02,4.170000000000000095e-02,1.154958806535690214e-05,7.789999999999999702e-02,6.690000000000000391e-01,2.776090634048212005e-02,3.300000000000000155e-01,1.710000000000000062e-02,1.059691656627620437e-02,9.419999999999999554e-03,8.699999999999999400e-03,1.993269162398572658e-01,1.000000000000000021e-03,0.000000000000000000e+00,9.469999999999999529e-01,2.600000000000000089e-01,8.940000000000000169e-01,5.910519972376158115e-01,4.929999999999999938e-01,4.179999999999999827e-01,8.399999999999999689e-01,5.831655649632021543e-01,9.409999999999999476e-01
3.269999999999999990e-02,1.347286116076868989e-01,1.320000000000000062e-01,2.557281052082145331e-02,6.390000000000000124e-01,8.820000000000000062e-01,3.312944557724746275e-01,5.170000000000000290e-02,4.170000000000000095e-02,6.587442970990719680e-05,7.789999999999999702e-02,6.690000000000000391e-01,2.703705740100710922e-02,3.300000000000000155e-01,1.710000000000000062e-02,8.741858331003811086e-03,9.419999999999999554e-03,8.699999999999999400e-03,1.282377893982475925e-01,1.000000000000000021e-03,0.000000000000000000e+00,9.469999999999999529e-01,2.600000000000000089e-01,8.940000000000000169e-01,3.423565665137515146e-02,4.929999999999999938e-01,4.179999999999999827e-01,8.399999999999999689e-01,9.284322063672174608e-01,9.409999999999999476e-01
3.269999999999999990e-02,5.872612396577050475e-01,1.320000000000000062e-01,7.330276571349109149e-02,6.390000000000000124e-01,8.820000000000000062e-01,3.307080167156031258e-01,5.170000000000000290e-02,4.170000000000000095e-02,1.614521816191695312e-05,7.789999999999999702e-02,6.690000000000000391e-01,7.567239721384354245e-02,3.300000000000000155e-01,1.710000000000000062e-02,5.409549582965091606e-03,9.419999999999999554e-03,8.699999999999999400e-03,1.234334515264017135e-01,1.000000000000000021e-03,0.000000000000000000e+00,9.469999999999999529e-01,2.600000000000000089e-01,8.940000000000000169e-01,3.088760771438661679e-02,4.929999999999999938e-01,4.179999999999999827e-01,8.399999999999999689e-01,9.388291061178708485e-01,9.409999999999999476e-01
3.269999999999999990e-02,1.271896455176564633e-01,1.320000000000000062e-01,7.757954113293021037e-02,6.390000000000000124e-01,8.820000000000000062e-01,3.321494259177532049e-01,5.170000000000000290e-02,4.170000000000000095e-02,1.601375351252156548e-02,7.789999999999999702e-02,6.690000000000000391e-01,9.502524881487177666e-01,3.300000000000000155e-01,1.710000000000000062e-02,7.969190714875153125e-03,9.419999999999999554e-03,8.699999999999999400e-03,5.619781348342397370e-02,1.000000000000000021e-03,0.000000000000000000e+00,9.469999999999999529e-01,2.600000000000000089e-01,8.940000000000000169e-01,9.117806060238060895e-02,4.929999999999999938e-01,4.179999999999999827e-01,8.399999999999999689e-01,9.672938470306848835e-01,9.409999999999999476e-01
3.269999999999999990e-02,1.558163792564416505e-01,1.320000000000000062e-01,2.607324842629771267e-02,6.390000000000000124e-01,8.820000000000000062e-01,3.329235898877634936e-01,5.170000000000000290e-02,4.170000000000000095e-02,3.421748546148707811e-05,7.789999999999999702e-02,6.690000000000000391e-01,2.954729113171103080e-02,3.300000000000000155e-01,1.710000000000000062e-02,1.146170632895798271e-02,9.419999999999999554e-03,8.699999999999999400e-03,1.237854819891118924e-01,1.000000000000000021e-03,0.000000000000000000e+00,9.469999999999999529e-01,2.600000000000000089e-01,8.940000000000000169e-01,6.922906618932691547e-01,4.929999999999999938e-01,4.179999999999999827e-01,8.399999999999999689e-01,8.250106631630915732e-01,9.409999999999999476e-01
3.269999999999999990e-02,7.552246684663038723e-02,1.320000000000000062e-01,5.757224134823044764e-02,6.390000000000000124e-01,8.820000000000000062e-01,3.320346431079749250e-01,5.170000000000000290e-02,4.170000000000000095e-02,2.179191099503747175e-05,7.789999999999999702e-02,6.690000000000000391e-01,5.295220581195543563e-02,3.300000000000000155e-01,1.710000000000000062e-02,1.095586740850649013e-02,9.419999999999999554e-03,8.699999999999999400e-03,1.701342772296347006e-01,1.000000000000000021e-03,0.000000000000000000e+00,9.469999999999999529e-01,2.600000000000000089e-01,8.940000000000000169e-01,3.457378786403642046e-02,4.929999999999999938e-01,4.179999999999999827e-01,8.399999999999999689e-01,9.176813077810451746e-01,9.409999999999999476e-01
3.269999999999999990e-02,1.236415145260287979e-01,1.320000000000000062e-01,1.136637275645357159e-01,6.390000000000000124e-01,8.820000000000000062e-01,3.326584005738656424e-01,5.170000000000000290e-02,4.170000000000000095e-02,2.372756903596182884e-06,7.789999999999999702e-02,6.690000000000000391e-01,1.198399773157060866e-01,3.300000000000000155e-01,1.710000000000000062e-02,1.217017859806420257e-02,9.419999999999999554e-03,8.699999999999999400e-03,1.689825095326798199e-01,1.000000000000000021e-03,0.000000000000000000e+00,9.469999999999999529e-01,2.600000000000000089e-01,8.940000000000000169e-01,3.354226094103553157e-02,4.929999999999999938e-01,4.179999999999999827e-01,8.399999999999999689e-01,6.466788402810377256e-01,9.409999999999999476e-01
3.269999999999999990e-02,2.709092828373828032e-01,1.320000000000000062e-01,6.832372077326720472e-02,6.390000000000000124e-01,8.820000000000000062e-01,3.286851741893558887e-01,5.170000000000000290e-02,4.170000000000000095e-02,7.865932356467880346e-04,7.789999999999999702e-02,6.690000000000000391e-01,6.659343557405185410e-02,3.300000000000000155e-01,1.710000000000000062e-02,7.975508021252488561e-03,9.419999999999999554e-03,8.699999999999999400e-03,9.920267668101277747e-02,1.000000000000000021e-03,0.000000000000000000e+00,9.469999999999999529e-01,2.600000000000000089e-01,8.940000000000000169e-01,5.758667021304164635e-02,4.929999999999999938e-01,4.179999999999999827e-01,8.399999999999999689e-01,7.440321201990458544e-01,9.409999999999999476e-01
3.269999999999999990e-02,5.422777009670691761e-01,1.320000000000000062e-01,5.514243702851307632e-02,6.390000000000000124e-01,8.820000000000000062e-01,3.319128103638633309e-01,5.170000000000000290e-02,4.170000000000000095e-02,2.156828927039970136e-05,7.789999999999999702e-02,6.690000000000000391e-01,5.047314338465191258e-02,3.300000000000000155e-01,1.710000000000000062e-02,7.234329670233989248e-03,9.419999999999999554e-03,8.699999999999999400e-03,1.681532291926320366e-01,1.000000000000000021e-03,0.000000000000000000e+00,9.469999999999999529e-01,2.600000000000000089e-01,8.940000000000000169e-01,3.983148847370793222e-02,4.929999999999999938e-01,4.179999999999999827e-01,8.399999999999999689e-01,7.489305922222214695e-01,9.409999999999999476e-01
3.269999999999999990e-02,7.111717260605626700e-02,1.320000000000000062e-01,5.576250870784897617e-02,6.390000000000000124e-01,8.820000000000000062e-01,3.310221442625658761e-01,5.170000000000000290e-02,4.170000000000000095e-02,8.592670974450981379e-06,7.789999999999999702e-02,6.690000000000000391e-01,5.087035465774925741e-02,3.300000000000000155e-01,1.710000000000000062e-02,1.438146956649774891e-02,9.419999999999999554e-03,8.699999999999999400e-03,1.701342772296347006e-01,1.000000000000000021e-03,0.000000000000000000e+00,9.469999999999999529e-01,2.600000000000000089e-01,8.940000000000000169e-01,3.464587534930294727e-02,4.929999999999999938e-01,4.179999999999999827e-01,8.399999999999999689e-01,9.919631946106690634e-01,9.409999999999999476e-01
3.269999999999999990e-02,7.544757875677685077e-02,1.320000000000000062e-01,5.533977338529443013e-02,6.390000000000000124e-01,8.820000000000000062e-01,3.325965722730470642e-01,5.170000000000000290e-02,4.170000000000000095e-02,1.502018736824204275e-05,7.789999999999999702e-02,6.690000000000000391e-01,5.061277052678820471e-02,3.300000000000000155e-01,1.710000000000000062e-02,1.248775653555800683e-02,9.419999999999999554e-03,8.699999999999999400e-03,1.701342772296347006e-01,1.000000000000000021e-03,0.000000000000000000e+00,9.469999999999999529e-01,2.600000000000000089e-01,8.940000000000000169e-01,7.841062497431261491e-01,4.929999999999999938e-01,4.179999999999999827e-01,8.399999999999999689e-01,8.065399784543600958e-01,9.409999999999999476e-01
3.269999999999999990e-02,2.518253572793263118e-01,1.320000000000000062e-01,1.909185145101780223e-01,6.390000000000000124e-01,8.820000000000000062e-01,3.290230108659988884e-01,5.170000000000000290e-02,4.170000000000000095e-02,2.123824103126850660e-02,7.789999999999999702e-02,6.690000000000000391e-01,9.565235699638983125e-01,3.300000000000000155e-01,1.710000000000000062e-02,5.193491321124144369e-05,9.419999999999999554e-03,8.699999999999999400e-03,1.847570770490021552e-01,1.000000000000000021e-03,0.000000000000000000e+00,9.469999999999999529e-01,2.600000000000000089e-01,8.940000000000000169e-01,9.745666798581293921e-01,4.929999999999999938e-01,4.179999999999999827e-01,8.399999999999999689e-01,8.256724474949739268e-01,9.409999999999999476e-01
3.269999999999999990e-02,6.000917655648877469e-01,1.320000000000000062e-01,8.369453122585993055e-02,6.390000000000000124e-01,8.820000000000000062e-01,3.328749146495420530e-01,5.170000000000000290e-02,4.170000000000000095e-02,1.864110995163284406e-05,7.789999999999999702e-02,6.690000000000000391e-01,8.208354616885810140e-02,3.300000000000000155e-01,1.710000000000000062e-02,5.668642243558738060e-03,9.419999999999999554e-03,8.699999999999999400e-03,1.982817167428512495e-01,1.000000000000000021e-03,0.000000000000000000e+00,9.469999999999999529e-01,2.600000000000000089e-01,8.940000000000000169e-01,7.009810415842181452e-01,4.929999999999999938e-01,4.179999999999999827e-01,8.399999999999999689e-01,9.599479688591742166e-01,9.409999999999999476e-01
3.269999999999999990e-02,1.203627588758969802e-01,1.320000000000000062e-01,2.657483128683892429e-02,6.390000000000000124e-01,8.820000000000000062e-01,3.321433347888599896e-01,5.170000000000000290e-02,4.170000000000000095e-02,2.991718745982547255e-05,7.789999999999999702e-02,6.690000000000000391e-01,2.721157445629150337e-02,3.300000000000000155e-01,1.710000000000000062e-02,6.794322443190538297e-03,9.419999999999999554e-03,8.699999999999999400e-03,1.336882254188765107e-01,1.000000000000000021e-03,0.000000000000000000e+00,9.469999999999999529e-01,2.600000000000000089e-01,8.940000000000000169e-01,7.273945861541677438e-01,4.929999999999999938e-01,4.179999999999999827e-01,8.399999999999999689e-01,7.691322203825722292e-01,9.409999999999999476e-01
3.269999999999999990e-02,1.039576933696168687e-01,1.320000000000000062e-01,1.065677496926669549e-01,6.390000000000000124e-01,8.820000000000000062e-01,3.312682747524412497e-01,5.170000000000000290e-02,4.170000000000000095e-02,3.967375302890921175e-05,7.789999999999999702e-02,6.690000000000000391e-01,1.039242689151647914e-01,3.300000000000000155e-01,1.710000000000000062e-02,1.153127378856603699e-02,9.419999999999999554e-03,8.699999999999999400e-03,2.809668227219201397e-01,1.000000000000000021e-03,0.000000000000000000e+00,9.469999999999999529e-01,2.600000000000000089e-01,8.940000000000000169e-01,5.404732504379345936e-01,4.929999999999999938e-01,4.179999999999999827e-01,8.399999999999999689e-01,4.845312304462340292e-01,9.409999999999999476e-01
3.269999999999999990e-02,6.000917655648877469e-01,1.320000000000000062e-01,8.377588321040693731e-02,6.390000000000000124e-01,8.820000000000000062e-01,3.328315773577392722e-01,5.170000000000000290e-02,4.170000000000000095e-02,1.864110995163284406e-05,7.789999999999999702e-02,6.690000000000000391e-01,8.208354616885810140e-02,3.300000000000000155e-01,1.710000000000000062e-02,5.668642243558738060e-03,9.419999999999999554e-03,8.699999999999999400e-03,1.588431626379829820e-01,1.000000000000000021e-03,0.000000000000000000e+00,9.469999999999999529e-01,2.600000000000000089e-01,8.940000000000000169e-01,7.009206192536713287e-01,4.929999999999999938e-01,4.179999999999999827e-01,8.399999999999999689e-01,8.936037179063064384e-01,9.409999999999999476e-01
3.269999999999999990e-02,2.247643106376590871e-01,1.320000000000000062e-01,4.413254835398552206e-02,6.390000000000000124e-01,8.820000000000000062e-01,3.329931200594656304e-01,5.170000000000000290e-02,4.170000000000000095e-02,1.968327252608911945e-05,7.789999999999999702e-02,6.690000000000000391e-01,4.926959617702605931e-02,3.300000000000000155e-01,1.710000000000000062e-02,8.406208018275157512e-03,9.419999999999999554e-03,8.699999999999999400e-03,2.644957009993966768e-01,1.000000000000000021e-03,0.000000000000000000e+00,9.469999999999999529e-01,2.600000000000000089e-01,8.940000000000000169e-01,2.480920446566789450e-02,4.929999999999999938e-01,4.179999999999999827e-01,8.399999999999999689e-01,5.049256833421729151e-01,9.409999999999999476e-01
3.269999999999999990e-02,1.347286116076868989e-01,1.320000000000000062e-01,2.845745516005694642e-02,6.390000000000000124e-01,8.820000000000000062e-01,3.319902197562769608e-01,5.170000000000000290e-02,4.170000000000000095e-02,6.440943257772170280e-05,7.789999999999999702e-02,6.690000000000000391e-01,2.703705740100710922e-02,3.300000000000000155e-01,1.710000000000000062e-02,8.241605360293476415e-03,9.419999999999999554e-03,8.699999999999999400e-03,1.275737643866231286e-01,1.000000000000000021e-03,0.000000000000000000e+00,9.469999999999999529e-01,2.600000000000000089e-01,8.940000000000000169e-01,3.423565665137515146e-02,4.929999999999999938e-01,4.179999999999999827e-01,8.399999999999999689e-01,9.284322063672174608e-01,9.409999999999999476e-01
3.269999999999999990e-02,7.558562405146496133e-02,1.320000000000000062e-01,3.798163917603683548e-02,6.390000000000000124e-01,8.820000000000000062e-01,3.291942867266397510e-01,5.170000000000000290e-02,4.170000000000000095e-02,2.556087463987013190e-05,7.789999999999999702e-02,6.690000000000000391e-01,3.536666117572373480e-02,3.300000000000000155e-01,1.710000000000000062e-02,1.271635505898714193e-02,9.419999999999999554e-03,8.699999999999999400e-03,2.384060995469634014e-01,1.000000000000000021e-03,0.000000000000000000e+00,9.469999999999999529e-01,2.600000000000000089e-01,8.940000000000000169e-01,1.437710292046692415e-03,4.929999999999999938e-01,4.179999999999999827e-01,8.399999999999999689e-01,9.857259451424267294e-01,9.409999999999999476e-01
3.269999999999999990e-02,2.236066080832778691e-01,1.320000000000000062e-01,4.689312244221741088e-02,6.390000000000000124e-01,8.820000000000000062e-01,3.329171584362958236e-01,5.170000000000000290e-02,4.170000000000000095e-02,6.414777863197242830e-03,7.789999999999999702e-02,6.690000000000000391e-01,4.066842778273020015e-02,3.300000000000000155e-01,1.710000000000000062e-02,1.065793955789815992e-02,9.419999999999999554e-03,8.699999999999999400e-03,5.278503970040270277e-01,1.000000000000000021e-03,0.000000000000000000e+00,9.469999999999999529e-01,2.600000000000000089e-01,8.940000000000000169e-01,6.294622140948719080e-02,4.929999999999999938e-01,4.179999999999999827e-01,8.399999999999999689e-01,6.103604474232360300e-02,9.409999999999999476e-01
3.269999999999999990e-02,1.212625338569405659e-01,1.320000000000000062e-01,2.527848246733614690e-02,6.390000000000000124e-01,8.820000000000000062e-01,3.312896102799240960e-01,5.170000000000000290e-02,4.170000000000000095e-02,4.361261453237406629e-05,7.789999999999999702e-02,6.690000000000000391e-01,2.667879637167067802e-02,3.300000000000000155e-01,1.710000000000000062e-02,1.361730854309228279e-02,9.419999999999999554e-03,8.699999999999999400e-03,1.988046571427482256e-01,1.000000000000000021e-03,0.000000000000000000e+00,9.469999999999999529e-01,2.600000000000000089e-01,8.940000000000000169e-01,8.935539358343848049e-01,4.929999999999999938e-01,4.179999999999999827e-01,8.399999999999999689e-01,8.251616810952983050e-01,9.409999999999999476e-01
3.269999999999999990e-02,4.624903494793666248e-01,1.320000000000000062e-01,5.870002635517899969e-02,6.390000000000000124e-01,8.820000000000000062e-01,3.312539013257404519e-01,5.170000000000000290e-02,4.170000000000000095e-02,1.709119332140352879e-05,7.789999999999999702e-02,6.690000000000000391e-01,5.873157036575976653e-02,3.300000000000000155e-01,1.710000000000000062e-02,5.410684277992676428e-03,9.419999999999999554e-03,8.699999999999999400e-03,2.756537173424463694e-01,1.000000000000000021e-03,0.000000000000000000e+00,9.469999999999999529e-01,2.600000000000000089e-01,8.940000000000000169e-01,1.181482547785414755e-01,4.929999999999999938e-01,4.179999999999999827e-01,8.399999999999999689e-01,7.834039184198273720e-01,9.409999999999999476e-01
3.269999999999999990e-02,7.110291234781590530e-02,1.320000000000000062e-01,5.491938399542845017e-02,6.390000000000000124e-01,8.820000000000000062e-01,3.327763670847696531e-01,5.170000000000000290e-02,4.170000000000000095e-02,2.031492039042825536e-05,7.789999999999999702e-02,6.690000000000000391e-01,5.465231989921246619e-02,3.300000000000000155e-01,1.710000000000000062e-02,1.429562349289143983e-02,9.419999999999999554e-03,8.699999999999999400e-03,2.327154937875408891e-01,1.000000000000000021e-03,0.000000000000000000e+00,9.469999999999999529e-01,2.600000000000000089e-01,8.940000000000000169e-01,3.191542090333632231e-01,4.929999999999999938e-01,4.179999999999999827e-01,8.399999999999999689e-01,7.594543951597594322e-01,9.409999999999999476e-01
3.269999999999999990e-02,6.368202359376420318e-01,1.320000000000000062e-01,1.149923232354762292e-01,6.390000000000000124e-01,8.820000000000000062e-01,3.324611144347096592e-01,5.170000000000000290e-02,4.170000000000000095e-02,5.959698593000916663e-06,7.789999999999999702e-02,6.690000000000000391e-01,1.127632151789370457e-01,3.300000000000000155e-01,1.710000000000000062e-02,5.577838536539586958e-03,9.419999999999999554e-03,8.699999999999999400e-03,1.485203200487583697e-01,1.000000000000000021e-03,0.000000000000000000e+00,9.469999999999999529e-01,2.600000000000000089e-01,8.940000000000000169e-01,2.557458602640121786e-02,4.929999999999999938e-01,4.179999999999999827e-01,8.399999999999999689e-01,8.355670801291470440e-01,9.409999999999999476e-01
3.269999999999999990e-02,9.611481427969092994e-01,1.320000000000000062e-01,1.167678517428962781e-01,6.390000000000000124e-01,8.820000000000000062e-01,3.325944700124294773e-01,5.170000000000000290e-02,4.170000000000000095e-02,4.209447118023924676e-03,7.789999999999999702e-02,6.690000000000000391e-01,1.159578919398241148e-01,3.300000000000000155e-01,1.710000000000000062e-02,7.287535494992842221e-03,9.419999999999999554e-03,8.699999999999999400e-03,2.427156814472810342e-01,1.000000000000000021e-03,0.000000000000000000e+00,9.469999999999999529e-01,2.600000000000000089e-01,8.940000000000000169e-01,3.196477433759380149e-02,4.929999999999999938e-01,4.179999999999999827e-01,8.399999999999999689e-01,8.469292888785799889e-01,9.409999999999999476e-01
3.269999999999999990e-02,7.678561425959583298e-02,1.320000000000000062e-01,3.474047048203297849e-02,6.390000000000000124e-01,8.820000000000000062e-01,3.271946969426546281e-01,5.170000000000000290e-02,4.170000000000000095e-02,2.737642424144246916e-05,7.789999999999999702e-02,6.690000000000000391e-01,3.592023734373502725e-02,3.300000000000000155e-01,1.710000000000000062e-02,1.502673970946384087e-02,9.419999999999999554e-03,8.699999999999999400e-03,1.754557103440959054e-01,1.000000000000000021e-03,0.000000000000000000e+00,9.469999999999999529e-01,2.600000000000000089e-01,8.940000000000000169e-01,2.991697640306065775e-01,4.929999999999999938e-01,4.179999999999999827e-01,8.399999999999999689e-01,8.104000287500346955e-01,9.409999999999999476e-01
3.269999999999999990e-02,1.267253826228275648e-01,1.320000000000000062e-01,2.759950517080507482e-02,6.390000000000000124e-01,8.820000000000000062e-01,3.300885745475053423e-01,5.170000000000000290e-02,4.170000000000000095e-02,3.407848029743181222e-05,7.789999999999999702e-02,6.690000000000000391e-01,2.563376454061514279e-02,3.300000000000000155e-01,1.710000000000000062e-02,1.290459492078623732e-02,9.419999999999999554e-03,8.699999999999999400e-03,1.955325280120271125e-01,1.000000000000000021e-03,0.000000000000000000e+00,9.469999999999999529e-01,2.600000000000000089e-01,8.940000000000000169e-01,5.910519972376158115e-01,4.929999999999999938e-01,4.179999999999999827e-01,8.399999999999999689e-01,2.689183457450056158e-02,9.409999999999999476e-01
3.269999999999999990e-02,1.594351269535910220e-01,1.320000000000000062e-01,7.344640660292835188e-02,6.390000000000000124e-01,8.820000000000000062e-01,3.329907731977286289e-01,5.170000000000000290e-02,4.170000000000000095e-02,1.407999605002336175e-06,7.789999999999999702e-02,6.690000000000000391e-01,7.229921493533908450e-02,3.300000000000000155e-01,1.710000000000000062e-02,5.409549582965091606e-03,9.419999999999999554e-03,8.699999999999999400e-03,1.234334515264017135e-01,1.000000000000000021e-03,0.000000000000000000e+00,9.469999999999999529e-01,2.600000000000000089e-01,8.940000000000000169e-01,1.208319826929376839e-01,4.929999999999999938e-01,4.179999999999999827e-01,8.399999999999999689e-01,9.388291061178708485e-01,9.409999999999999476e-01
3.269999999999999990e-02,6.655086867526263106e-01,1.320000000000000062e-01,8.493849916665707767e-02,6.390000000000000124e-01,8.820000000000000062e-01,3.329110396914338743e-01,5.170000000000000290e-02,4.170000000000000095e-02,1.743832943980296366e-05,7.789999999999999702e-02,6.690000000000000391e-01,8.678254862734749442e-02,3.300000000000000155e-01,1.710000000000000062e-02,5.731156988405211247e-03,9.419999999999999554e-03,8.699999999999999400e-03,2.909636985644961094e-01,1.000000000000000021e-03,0.000000000000000000e+00,9.469999999999999529e-01,2.600000000000000089e-01,8.940000000000000169e-01,2.457563395022197006e-02,4.929999999999999938e-01,4.179999999999999827e-01,8.399999999999999689e-01,7.957762207636085439e-01,9.409999999999999476e-01
3.269999999999999990e-02,7.083598851419783959e-02,1.320000000000000062e-01,3.675783135149969516e-02,6.390000000000000124e-01,8.820000000000000062e-01,3.291942867266397510e-01,5.170000000000000290e-02,4.170000000000000095e-02,1.174472119633809891e-05,7.789999999999999702e-02,6.690000000000000391e-01,3.549026699506323962e-02,3.300000000000000155e-01,1.710000000000000062e-02,1.273666924785400376e-02,9.419999999999999554e-03,8.699999999999999400e-03,1.682164300577526361e-01,1.000000000000000021e-03,0.000000000000000000e+00,9.469999999999999529e-01,2.600000000000000089e-01,8.940000000000000169e-01,5.658009930864373871e-01,4.929999999999999938e-01,4.179999999999999827e-01,8.399999999999999689e-01,9.655403797199786364e-01,9.409999999999999476e-01
3.269999999999999990e-02,1.283749670810599985e-01,1.320000000000000062e-01,2.768642692380274967e-02,6.390000000000000124e-01,8.820000000000000062e-01,3.279166490070166695e-01,5.170000000000000290e-02,4.170000000000000095e-02,4.705736698961603083e-06,7.789999999999999702e-02,6.690000000000000391e-01,2.800097391907763883e-02,3.300000000000000155e-01,1.710000000000000062e-02,1.189878154539962540e-02,9.419999999999999554e-03,8.699999999999999400e-03,1.987554303106607578e-01,1.000000000000000021e-03,0.000000000000000000e+00,9.469999999999999529e-01,2.600000000000000089e-01,8.940000000000000169e-01,5.910519972376158115e-01,4.929999999999999938e-01,4.179999999999999827e-01,8.399999999999999689e-01,5.859381026378025492e-01,9.409999999999999476e-01
3.269999999999999990e-02,7.402715591643246884e-02,1.320000000000000062e-01,3.917146737489355518e-02,6.390000000000000124e-01,8.820000000000000062e-01,3.320789810134562314e-01,5.170000000000000290e-02,4.170000000000000095e-02,2.968510896549244292e-06,7.789999999999999702e-02,6.690000000000000391e-01,3.630547095670975943e-02,3.300000000000000155e-01,1.710000000000000062e-02,1.405357180239168516e-02,9.419999999999999554e-03,8.699999999999999400e-03,2.218241715204525843e-01,1.000000000000000021e-03,0.000000000000000000e+00,9.469999999999999529e-01,2.600000000000000089e-01,8.940000000000000169e-01,1.158978371719383560e-01,4.929999999999999938e-01,4.179999999999999827e-01,8.399999999999999689e-01,7.922822758542051869e-01,9.409999999999999476e-01
3.269999999999999990e-02,1.209142621450879085e-01,1.320000000000000062e-01,2.866085027984471151e-02,6.390000000000000124e-01,8.820000000000000062e-01,3.322880654614613349e-01,5.170000000000000290e-02,4.170000000000000095e-02,5.583051361695580937e-04,7.789999999999999702e-02,6.690000000000000391e-01,2.568980242346519463e-02,3.300000000000000155e-01,1.710000000000000062e-02,1.525285927174289957e-02,9.419999999999999554e-03,8.699999999999999400e-03,7.099460626238223160e-01,1.000000000000000021e-03,0.000000000000000000e+00,9.469999999999999529e-01,2.600000000000000089e-01,8.940000000000000169e-01,8.785052754338432690e-01,4.929999999999999938e-01,4.179999999999999827e-01,8.399999999999999689e-01,7.948295050607012691e-01,9.409999999999999476e-01
3.269999999999999990e-02,7.038845350069933282e-01,1.320000000000000062e-01,7.535391520941733812e-02,6.390000000000000124e-01,8.820000000000000062e-01,3.284512995891074594e-01,5.170000000000000290e-02,4.170000000000000095e-02,1.938038011711199868e-05,7.789999999999999702e-02,6.690000000000000391e-01,7.607419913147958623e-02,3.300000000000000155e-01,1.710000000000000062e-02,5.396036592875928795e-03,9.419999999999999554e-03,8.699999999999999400e-03,9.102304068772906764e-02,1.000000000000000021e-03,0.000000000000000000e+00,9.469999999999999529e-01,2.600000000000000089e-01,8.940000000000000169e-01,8.722970367375770806e-02,4.929999999999999938e-01,4.179999999999999827e-01,8.399999999999999689e-01,5.716289641630971641e-01,9.409999999999999476e-01
3.269999999999999990e-02,1.207042665086083266e-01,1.320000000000000062e-01,7.838578433852268212e-02,6.390000000000000124e-01,8.820000000000000062e-01,3.299163550952978197e-01,5.170000000000000290e-02,4.170000000000000095e-02,2.162032856902013916e-05,7.789999999999999702e-02,6.690000000000000391e-01,7.158726734531234426e-02,3.300000000000000155e-01,1.710000000000000062e-02,1.103096116002989444e-02,9.419999999999999554e-03,8.699999999999999400e-03,2.288874939478038884e-01,1.000000000000000021e-03,0.000000000000000000e+00,9.469999999999999529e-01,2.600000000000000089e-01,8.940000000000000169e-01,2.885524710892897748e-01,4.929999999999999938e-01,4.179999999999999827e-01,8.399999999999999689e-01,9.142575105322622298e-01,9.409999999999999476e-01
3.269999999999999990e-02,4.609098497651419879e-01,1.320000000000000062e-01,5.564605837440276398e-02,6.390000000000000124e-01,8.820000000000000062e-01,3.325923566619098382e-01,5.170000000000000290e-02,4.170000000000000095e-02,9.141024802344973008e-06,7.789999999999999702e-02,6.690000000000000391e-01,5.883335959268348736e-02,3.300000000000000155e-01,1.710000000000000062e-02,8.430687792467602901e-03,9.419999999999999554e-03,8.699999999999999400e-03,2.871015416300515266e-01,1.000000000000000021e-03,0.000000000000000000e+00,9.469999999999999529e-01,2.600000000000000089e-01,8.940000000000000169e-01,4.874124982731906641e-01,4.929999999999999938e-01,4.179999999999999827e-01,8.399999999999999689e-01,9.060234116581062924e-01,9.409999999999999476e-01
3.269999999999999990e-02,1.657752010386379371e-01,1.320000000000000062e-01,2.733770516393708994e-02,6.390000000000000124e-01,8.820000000000000062e-01,3.293583817012178394e-01,5.170000000000000290e-02,4.170000000000000095e-02,2.830892139949840725e-05,7.789999999999999702e-02,6.690000000000000391e-01,2.997167322496737535e-02,3.300000000000000155e-01,1.710000000000000062e-02,1.031436241422160720e-02,9.419999999999999554e-03,8.699999999999999400e-03,1.241577334585221293e-01,1.000000000000000021e-03,0.000000000000000000e+00,9.469999999999999529e-01,2.600000000000000089e-01,8.940000000000000169e-01,7.217227988153480656e-01,4.929999999999999938e-01,4.179999999999999827e-01,8.399999999999999689e-01,9.407552327140790149e-01,9.409999999999999476e-01
3.269999999999999990e-02,5.144797140645720468e-01,1.320000000000000062e-01,5.501823673145006532e-02,6.390000000000000124e-01,8.820000000000000062e-01,3.282018958721780177e-01,5.170000000000000290e-02,4.170000000000000095e-02,3.069359433472494789e-05,7.789999999999999702e-02,6.690000000000000391e-01,5.955244332484520980e-02,3.300000000000000155e-01,1.710000000000000062e-02,8.434143974351932319e-03,9.419999999999999554e-03,8.699999999999999400e-03,1.701162007216410477e-01,1.000000000000000021e-03,0.000000000000000000e+00,9.469999999999999529e-01,2.600000000000000089e-01,8.940000000000000169e-01,5.937064649492764801e-01,4.929999999999999938e-01,4.179999999999999827e-01,8.399999999999999689e-01,8.283373203878772184e-01,9.409999999999999476e-01
3.269999999999999990e-02,2.409430046655406943e-01,1.320000000000000062e-01,2.300651397198234110e-02,6.390000000000000124e-01,8.820000000000000062e-01,3.321940400919246583e-01,5.170000000000000290e-02,4.170000000000000095e-02,3.045757380072108616e-05,7.789999999999999702e-02,6.690000000000000391e-01,2.431451266758753033e-02,3.300000000000000155e-01,1.710000000000000062e-02,1.007502834922119166e-02,9.419999999999999554e-03,8.699999999999999400e-03,1.745088414228269935e-01,1.000000000000000021e-03,0.000000000000000000e+00,9.469999999999999529e-01,2.600000000000000089e-01,8.940000000000000169e-01,5.437165300431596737e-01,4.929999999999999938e-01,4.179999999999999827e-01,8.399999999999999689e-01,9.667384455757750406e-01,9.409999999999999476e-01
3.269999999999999990e-02,2.307666348555169056e-01,1.320000000000000062e-01,7.844275592898584948e-02,6.390000000000000124e-01,8.820000000000000062e-01,3.329990381867301563e-01,5.170000000000000290e-02,4.170000000000000095e-02,2.827511845277564008e-05,7.789999999999999702e-02,6.690000000000000391e-01,7.228914155900717509e-02,3.300000000000000155e-01,1.710000000000000062e-02,5.659434273407766558e-03,9.419999999999999554e-03,8.699999999999999400e-03,9.963905940219462687e-02,1.000000000000000021e-03,0.000000000000000000e+00,9.469999999999999529e-01,2.600000000000000089e-01,8.940000000000000169e-01,2.958918330620362303e-02,4.929999999999999938e-01,4.179999999999999827e-01,8.399999999999999689e-01,7.980532697602154002e-01,9.409999999999999476e-01
3.269999999999999990e-02,1.231522675427566410e-01,1.320000000000000062e-01,7.443526565997213296e-02,6.390000000000000124e-01,8.820000000000000062e-01,3.329993688832178500e-01,5.170000000000000290e-02,4.170000000000000095e-02,2.458202274987374841e-02,7.789999999999999702e-02,6.690000000000000391e-01,7.148856432325036148e-02,3.300000000000000155e-01,1.710000000000000062e-02,3.146653218079642142e-03,9.419999999999999554e-03,8.699999999999999400e-03,4.572938912408204548e-02,1.000000000000000021e-03,0.000000000000000000e+00,9.469999999999999529e-01,2.600000000000000089e-01,8.940000000000000169e-01,1.803326327676268437e-01,4.929999999999999938e-01,4.179999999999999827e-01,8.399999999999999689e-01,4.372402695547726870e-01,9.409999999999999476e-01
3.269999999999999990e-02,1.561898417689376317e-01,1.320000000000000062e-01,7.361533427429595156e-02,6.390000000000000124e-01,8.820000000000000062e-01,3.309905089323751382e-01,5.170000000000000290e-02,4.170000000000000095e-02,4.603556430655645661e-03,7.789999999999999702e-02,6.690000000000000391e-01,7.328683469752556023e-02,3.300000000000000155e-01,1.710000000000000062e-02,9.818402588629305400e-03,9.419999999999999554e-03,8.699999999999999400e-03,1.329618186593368168e-01,1.000000000000000021e-03,0.000000000000000000e+00,9.469999999999999529e-01,2.600000000000000089e-01,8.940000000000000169e-01,3.745998037939320957e-01,4.929999999999999938e-01,4.179999999999999827e-01,8.399999999999999689e-01,6.667063346661494805e-01,9.409999999999999476e-01
3.269999999999999990e-02,1.152352307812967436e-01,1.320000000000000062e-01,8.161432600554223427e-02,6.390000000000000124e-01,8.820000000000000062e-01,3.327534282932367860e-01,5.170000000000000290e-02,4.170000000000000095e-02,1.157344535417548659e-05,7.789999999999999702e-02,6.690000000000000391e-01,8.424658191572741150e-02,3.300000000000000155e-01,1.710000000000000062e-02,1.348075891314485381e-02,9.419999999999999554e-03,8.699999999999999400e-03,2.319646877593530276e-01,1.000000000000000021e-03,0.000000000000000000e+00,9.469999999999999529e-01,2.600000000000000089e-01,8.940000000000000169e-01,1.234312718389154184e-01,4.929999999999999938e-01,4.179999999999999827e-01,8.399999999999999689e-01,5.341248894596504204e-01,9.409999999999999476e-01
3.269999999999999990e-02,7.816942693938445930e-02,1.320000000000000062e-01,3.101763255283217224e-02,6.390000000000000124e-01,8.820000000000000062e-01,3.310355994492677478e-01,5.170000000000000290e-02,4.170000000000000095e-02,9.687951554153808112e-06,7.789999999999999702e-02,6.690000000000000391e-01,3.126528849018363893e-02,3.300000000000000155e-01,1.710000000000000062e-02,1.659294342506071468e-02,9.419999999999999554e-03,8.699999999999999400e-03,2.282093927921348409e-01,1.000000000000000021e-03,0.000000000000000000e+00,9.469999999999999529e-01,2.600000000000000089e-01,8.940000000000000169e-01,5.290028739499158528e-03,4.929999999999999938e-01,4.179999999999999827e-01,8.399999999999999689e-01,6.187671215128585089e-01,9.409999999999999476e-01
3.269999999999999990e-02,9.511367912416801573e-01,1.320000000000000062e-01,1.469073802572587462e-01,6.390000000000000124e-01,8.820000000000000062e-01,3.329663888209900557e-01,5.170000000000000290e-02,4.170000000000000095e-02,1.534481772565747868e-05,7.789999999999999702e-02,6.690000000000000391e-01,1.407564602502466011e-01,3.300000000000000155e-01,1.710000000000000062e-02,2.787953914037904959e-03,9.419999999999999554e-03,8.699999999999999400e-03,1.474753313003244748e-01,1.000000000000000021e-03,0.000000000000000000e+00,9.469999999999999529e-01,2.600000000000000089e-01,8.940000000000000169e-01,3.980129797905749833e-01,4.929999999999999938e-01,4.179999999999999827e-01,8.399999999999999689e-01,1.930804878283771120e-01,9.409999999999999476e-01
3.269999999999999990e-02,5.310781940484150532e-01,1.320000000000000062e-01,7.609906499001947711e-02,6.390000000000000124e-01,8.820000000000000062e-01,3.327912847027567067e-01,5.170000000000000290e-02,4.170000000000000095e-02,1.165566338114169008e-05,7.789999999999999702e-02,6.690000000000000391e-01,7.041872475161971290e-02,3.300000000000000155e-01,1.710000000000000062e-02,7.029696726333464069e-03,9.419999999999999554e-03,8.699999999999999400e-03,2.855495834949863809e-01,1.000000000000000021e-03,0.000000000000000000e+00,9.469999999999999529e-01,2.600000000000000089e-01,8.940000000000000169e-01,4.875545516320197725e-01,4.929999999999999938e-01,4.179999999999999827e-01,8.399999999999999689e-01,6.525098219090861296e-01,9.409999999999999476e-01
3.269999999999999990e-02,7.997573790517144288e-02,1.320000000000000062e-01,3.635196818586099859e-02,6.390000000000000124e-01,8.820000000000000062e-01,3.329584099562860056e-01,5.170000000000000290e-02,4.170000000000000095e-02,1.369100365899011990e-05,7.789999999999999702e-02,6.690000000000000391e-01,3.879425591217087327e-02,3.300000000000000155e-01,1.710000000000000062e-02,1.274238714779317092e-02,9.419999999999999554e-03,8.699999999999999400e-03,1.981042900117976624e-01,1.000000000000000021e-03,0.000000000000000000e+00,9.469999999999999529e-01,2.600000000000000089e-01,8.940000000000000169e-01,3.465286347424910707e-01,4.929999999999999938e-01,4.179999999999999827e-01,8.399999999999999689e-01,6.625099864245559411e-02,9.409999999999999476e-01
3.269999999999999990e-02,1.154799085825424371e-01,1.320000000000000062e-01,7.586149497583949408e-02,6.390000000000000124e-01,8.820000000000000062e-01,3.310196345685432751e-01,5.170000000000000290e-02,4.170000000000000095e-02,6.326596527625891957e-05,7.789999999999999702e-02,6.690000000000000391e-01,7.912438758216192025e-02,3.300000000000000155e-01,1.710000000000000062e-02,1.018966992947542734e-02,9.419999999999999554e-03,8.699999999999999400e-03,1.246713710698606759e-01,1.000000000000000021e-03,0.000000000000000000e+00,9.469999999999999529e-01,2.600000000000000089e-01,8.940000000000000169e-01,2.031071218545422163e-01,4.929999999999999938e-01,4.179999999999999827e-01,8.399999999999999689e-01,4.959743504347950416e-01,9.409999999999999476e-01
3.269999999999999990e-02,6.396917740698230270e-01,1.320000000000000062e-01,1.076839061317963059e-01,6.390000000000000124e-01,8.820000000000000062e-01,3.323175786892613726e-01,5.170000000000000290e-02,4.170000000000000095e-02,1.028554536876156506e-05,7.789999999999999702e-02,6.690000000000000391e-01,1.034611790938532450e-01,3.300000000000000155e-01,1.710000000000000062e-02,5.762493530226424007e-03,9.419999999999999554e-03,8.699999999999999400e-03,2.818282354568093506e-01,1.000000000000000021e-03,0.000000000000000000e+00,9.469999999999999529e-01,2.600000000000000089e-01,8.940000000000000169e-01,1.824993767846023185e-01,4.929999999999999938e-01,4.179999999999999827e-01,8.399999999999999689e-01,6.598291360884149803e-01,9.409999999999999476e-01
3.269999999999999990e-02,1.204198446977991915e-01,1.320000000000000062e-01,7.113173044096005038e-02,6.390000000000000124e-01,8.820000000000000062e-01,3.320173257117154386e-01,5.170000000000000290e-02,4.170000000000000095e-02,2.155598573568358649e-06,7.789999999999999702e-02,6.690000000000000391e-01,7.925578976246333562e-02,3.300000000000000155e-01,1.710000000000000062e-02,1.428021533541765087e-02,9.419999999999999554e-03,8.699999999999999400e-03,2.215027054656267258e-01,1.000000000000000021e-03,0.000000000000000000e+00,9.469999999999999529e-01,2.600000000000000089e-01,8.940000000000000169e-01,2.749109098669891282e-02,4.929999999999999938e-01,4.179999999999999827e-01,8.399999999999999689e-01,6.409631999492382270e-01,9.409999999999999476e-01
3.269999999999999990e-02,9.511367912416801573e-01,1.320000000000000062e-01,1.469073802572587462e-01,6.390000000000000124e-01,8.820000000000000062e-01,3.329663888209900557e-01,5.170000000000000290e-02,4.170000000000000095e-02,1.474775466485702321e-05,7.789999999999999702e-02,6.690000000000000391e-01,1.407564602502466011e-01,3.300000000000000155e-01,1.710000000000000062e-02,2.821851759621331335e-03,9.419999999999999554e-03,8.699999999999999400e-03,1.474753313003244748e-01,1.000000000000000021e-03,0.000000000000000000e+00,9.469999999999999529e-01,2.600000000000000089e-01,8.940000000000000169e-01,3.980129797905749833e-01,4.929999999999999938e-01,4.179999999999999827e-01,8.399999999999999689e-01,9.439934854967599875e-01,9.409999999999999476e-01
3.269999999999999990e-02,5.568917840820494236e-01,1.320000000000000062e-01,1.077188267558322893e-01,6.390000000000000124e-01,8.820000000000000062e-01,3.311929625900114638e-01,5.170000000000000290e-02,4.170000000000000095e-02,1.444508559419081453e-05,7.789999999999999702e-02,6.690000000000000391e-01,1.033729305899786788e-01,3.300000000000000155e-01,1.710000000000000062e-02,6.518332648555402904e-03,9.419999999999999554e-03,8.699999999999999400e-03,5.364875421286496859e-02,1.000000000000000021e-03,0.000000000000000000e+00,9.469999999999999529e-01,2.600000000000000089e-01,8.940000000000000169e-01,4.782784189246944706e-01,4.929999999999999938e-01,4.179999999999999827e-01,8.399999999999999689e-01,9.386856487964330142e-01,9.409999999999999476e-01
3.269999999999999990e-02,2.351602759954682931e-01,1.320000000000000062e-01,3.599980412297088678e-02,6.390000000000000124e-01,8.820000000000000062e-01,3.324229569995917899e-01,5.170000000000000290e-02,4.170000000000000095e-02,2.389204726059049550e-06,7.789999999999999702e-02,6.690000000000000391e-01,3.589974795764853954e-02,3.300000000000000155e-01,1.710000000000000062e-02,8.096588305843159875e-03,9.419999999999999554e-03,8.699999999999999400e-03,1.746343759809684260e-01,1.000000000000000021e-03,0.000000000000000000e+00,9.469999999999999529e-01,2.600000000000000089e-01,8.940000000000000169e-01,4.582725077810905212e-01,4.929999999999999938e-01,4.179999999999999827e-01,8.399999999999999689e-01,6.319145930856259197e-01,9.409999999999999476e-01
3.269999999999999990e-02,7.847538094390013597e-02,1.320000000000000062e-01,3.867412670341414255e-02,6.390000000000000124e-01,8.820000000000000062e-01,3.296397324104233251e-01,5.170000000000000290e-02,4.170000000000000095e-02,7.339950362842416790e-07,7.789999999999999702e-02,6.690000000000000391e-01,3.437709473402614235e-02,3.300000000000000155e-01,1.710000000000000062e-02,1.128021008505555173e-02,9.419999999999999554e-03,8.699999999999999400e-03,1.624836543510946862e-01,1.000000000000000021e-03,0.000000000000000000e+00,9.469999999999999529e-01,2.600000000000000089e-01,8.940000000000000169e-01,2.005914085677283631e-01,4.929999999999999938e-01,4.179999999999999827e-01,8.399999999999999689e-01,4.657973303266380594e-01,9.409999999999999476e-01
3.269999999999999990e-02,1.264222315601069568e-01,1.320000000000000062e-01,7.208030811501611734e-02,6.390000000000000124e-01,8.820000000000000062e-01,3.316887904131669562e-01,5.170000000000000290e-02,4.170000000000000095e-02,3.574271517438319791e-06,7.789999999999999702e-02,6.690000000000000391e-01,7.780657106313053351e-02,3.300000000000000155e-01,1.710000000000000062e-02,5.548500151842762802e-03,9.419999999999999554e-03,8.699999999999999400e-03,8.468705821053289229e-02,1.000000000000000021e-03,0.000000000000000000e+00,9.469999999999999529e-01,2.600000000000000089e-01,8.940000000000000169e-01,1.114702045326402546e-01,4.929999999999999938e-01,4.179999999999999827e-01,8.399999999999999689e-01,6.418144938281304945e-01,9.409999999999999476e-01
3.269999999999999990e-02,7.625301385868085702e-02,1.320000000000000062e-01,5.204356561952996202e-02,6.390000000000000124e-01,8.820000000000000062e-01,3.314032818422862903e-01,5.170000000000000290e-02,4.170000000000000095e-02,8.895007717331113124e-07,7.789999999999999702e-02,6.690000000000000391e-01,5.990974301526411083e-02,3.300000000000000155e-01,1.710000000000000062e-02,1.679716547476064331e-02,9.419999999999999554e-03,8.699999999999999400e-03,8.597735642339392470e-01,1.000000000000000021e-03,0.000000000000000000e+00,9.469999999999999529e-01,2.600000000000000089e-01,8.940000000000000169e-01,9.416006921303340382e-01,4.929999999999999938e-01,4.179999999999999827e-01,8.399999999999999689e-01,9.329959667194147599e-01,9.409999999999999476e-01
3.269999999999999990e-02,7.783072525087468552e-02,1.320000000000000062e-01,5.474025714944180665e-02,6.390000000000000124e-01,8.820000000000000062e-01,3.321702287727283931e-01,5.170000000000000290e-02,4.170000000000000095e-02,7.526806728221629910e-07,7.789999999999999702e-02,6.690000000000000391e-01,5.469002668442426995e-02,3.300000000000000155e-01,1.710000000000000062e-02,1.575640476415379396e-02,9.419999999999999554e-03,8.699999999999999400e-03,8.346874764242770972e-01,1.000000000000000021e-03,0.000000000000000000e+00,9.469999999999999529e-01,2.600000000000000089e-01,8.940000000000000169e-01,9.660958378261218504e-01,4.929999999999999938e-01,4.179999999999999827e-01,8.399999999999999689e-01,6.343695323302552813e-01,9.409999999999999476e-01
3.269999999999999990e-02,1.537028258350361942e-01,1.320000000000000062e-01,7.601360373831951567e-02,6.390000000000000124e-01,8.820000000000000062e-01,3.329066142611341594e-01,5.170000000000000290e-02,4.170000000000000095e-02,6.448750863789943924e-06,7.789999999999999702e-02,6.690000000000000391e-01,7.229369318223136109e-02,3.300000000000000155e-01,1.710000000000000062e-02,7.652735857643243669e-03,9.419999999999999554e-03,8.699999999999999400e-03,1.300576787556615710e-01,1.000000000000000021e-03,0.000000000000000000e+00,9.469999999999999529e-01,2.600000000000000089e-01,8.940000000000000169e-01,2.775936782273700776e-01,4.929999999999999938e-01,4.179999999999999827e-01,8.399999999999999689e-01,6.439924130865312124e-01,9.409999999999999476e-01
3.269999999999999990e-02,1.212509107632940147e-01,1.320000000000000062e-01,1.175282859564299315e-01,6.390000000000000124e-01,8.820000000000000062e-01,3.312358462499929712e-01,5.170000000000000290e-02,4.170000000000000095e-02,3.227194053767641624e-02,7.789999999999999702e-02,6.690000000000000391e-01,9.979971098858146927e-01,3.300000000000000155e-01,1.710000000000000062e-02,6.754022067681636488e-04,9.419999999999999554e-03,8.699999999999999400e-03,1.311938439542346957e-01,1.000000000000000021e-03,0.000000000000000000e+00,9.469999999999999529e-01,2.600000000000000089e-01,8.940000000000000169e-01,4.631650588778400968e-01,4.929999999999999938e-01,4.179999999999999827e-01,8.399999999999999689e-01,5.423269279722939817e-01,9.409999999999999476e-01
3.269999999999999990e-02,1.108041750314427976e-01,1.320000000000000062e-01,7.367493510133067691e-02,6.390000000000000124e-01,8.820000000000000062e-01,3.317060991492238320e-01,5.170000000000000290e-02,4.170000000000000095e-02,2.185381137288316403e-06,7.789999999999999702e-02,6.690000000000000391e-01,7.378035899495882788e-02,3.300000000000000155e-01,1.710000000000000062e-02,1.108498704391065043e-02,9.419999999999999554e-03,8.699999999999999400e-03,1.258356440712400937e-01,1.000000000000000021e-03,0.000000000000000000e+00,9.469999999999999529e-01,2.600000000000000089e-01,8.940000000000000169e-01,4.993994969782713511e-01,4.929999999999999938e-01,4.179999999999999827e-01,8.399999999999999689e-01,6.544480419404163918e-01,9.409999999999999476e-01
3.269999999999999990e-02,1.154695042225441504e-01,1.320000000000000062e-01,8.442120701795328974e-02,6.390000000000000124e-01,8.820000000000000062e-01,3.328358630218261061e-01,5.170000000000000290e-02,4.170000000000000095e-02,1.166781221094464116e-05,7.789999999999999702e-02,6.690000000000000391e-01,8.425019969908874307e-02,3.300000000000000155e-01,1.710000000000000062e-02,1.198835189267721812e-02,9.419999999999999554e-03,8.699999999999999400e-03,6.532666781218305907e-01,1.000000000000000021e-03,0.000000000000000000e+00,9.469999999999999529e-01,2.600000000000000089e-01,8.940000000000000169e-01,9.507902084777859475e-01,4.929999999999999938e-01,4.179999999999999827e-01,8.399999999999999689e-01,9.277167687980238941e-01,9.409999999999999476e-01
3.269999999999999990e-02,6.172418379045141457e-01,1.320000000000000062e-01,5.197708440140104413e-02,6.390000000000000124e-01,8.820000000000000062e-01,3.328714241617844460e-01,5.170000000000000290e-02,4.170000000000000095e-02,6.374209634401579064e-06,7.789999999999999702e-02,6.690000000000000391e-01,5.740008206590937329e-02,3.300000000000000155e-01,1.710000000000000062e-02,7.041421136668178475e-03,9.419999999999999554e-03,8.699999999999999400e-03,2.863375425175889721e-01,1.000000000000000021e-03,0.000000000000000000e+00,9.469999999999999529e-01,2.600000000000000089e-01,8.940000000000000169e-01,1.533548705681347935e-02,4.929999999999999938e-01,4.179999999999999827e-01,8.399999999999999689e-01,8.272054216577664487e-01,9.409999999999999476e-01
3.269999999999999990e-02,4.063698022778541308e-01,1.320000000000000062e-01,7.257408363304795884e-02,6.390000000000000124e-01,8.820000000000000062e-01,3.321982281078300070e-01,5.170000000000000290e-02,4.170000000000000095e-02,1.655020972536603679e-05,7.789999999999999702e-02,6.690000000000000391e-01,7.850185359956363129e-02,3.300000000000000155e-01,1.710000000000000062e-02,5.874989990151301827e-03,9.419999999999999554e-03,8.699999999999999400e-03,4.191162908583526137e-02,1.000000000000000021e-03,0.000000000000000000e+00,9.469999999999999529e-01,2.600000000000000089e-01,8.940000000000000169e-01,5.735803381962267800e-01,4.929999999999999938e-01,4.179999999999999827e-01,8.399999999999999689e-01,8.189552148963781253e-01,9.409999999999999476e-01
3.269999999999999990e-02,7.744837859735624885e-01,1.320000000000000062e-01,5.206028471250694067e-02,6.390000000000000124e-01,8.820000000000000062e-01,3.325806225268295169e-01,5.170000000000000290e-02,4.170000000000000095e-02,8.119383546043150355e-07,7.789999999999999702e-02,6.690000000000000391e-01,5.483692433323648918e-02,3.300000000000000155e-01,1.710000000000000062e-02,5.194427365512590405e-03,9.419999999999999554e-03,8.699999999999999400e-03,1.753568715950069856e-01,1.000000000000000021e-03,0.000000000000000000e+00,9.469999999999999529e-01,2.600000000000000089e-01,8.940000000000000169e-01,4.409996248431166110e-01,4.929999999999999938e-01,4.179999999999999827e-01,8.399999999999999689e-01,6.987906899848891351e-01,9.409999999999999476e-01
3.269999999999999990e-02,1.018579700427478529e-01,1.320000000000000062e-01,1.078654157042287093e-01,6.390000000000000124e-01,8.820000000000000062e-01,3.116911684443920971e-01,5.170000000000000290e-02,4.170000000000000095e-02,6.484257754734832789e-04,7.789999999999999702e-02,6.690000000000000391e-01,1.099710773645713735e-01,3.300000000000000155e-01,1.710000000000000062e-02,1.504402217281424793e-02,9.419999999999999554e-03,8.699999999999999400e-03,9.050331513266205441e-01,1.000000000000000021e-03,0.000000000000000000e+00,9.469999999999999529e-01,2.600000000000000089e-01,8.940000000000000169e-01,2.033281452459596295e-01,4.929999999999999938e-01,4.179999999999999827e-01,8.399999999999999689e-01,7.025568577858172514e-02,9.409999999999999476e-01
3.269999999999999990e-02,4.181232351661015589e-01,1.320000000000000062e-01,1.088773791179051403e-01,6.390000000000000124e-01,8.820000000000000062e-01,3.329104583653112459e-01,5.170000000000000290e-02,4.170000000000000095e-02,5.347050793190487089e-05,7.789999999999999702e-02,6.690000000000000391e-01,1.079462527918180481e-01,3.300000000000000155e-01,1.710000000000000062e-02,6.518332648555402904e-03,9.419999999999999554e-03,8.699999999999999400e-03,9.733389418160866280e-02,1.000000000000000021e-03,0.000000000000000000e+00,9.469999999999999529e-01,2.600000000000000089e-01,8.940000000000000169e-01,1.647416013118085942e-01,4.929999999999999938e-01,4.179999999999999827e-01,8.399999999999999689e-01,9.360159449130334153e-01,9.409999999999999476e-01
3.269999999999999990e-02,8.605818666004533268e-01,1.320000000000000062e-01,1.407092763081630171e-01,6.390000000000000124e-01,8.820000000000000062e-01,3.325777235154960820e-01,5.170000000000000290e-02,4.170000000000000095e-02,3.503233524666252412e-03,7.789999999999999702e-02,6.690000000000000391e-01,1.298940370300591118e-01,3.300000000000000155e-01,1.710000000000000062e-02,5.918761524503400595e-03,9.419999999999999554e-03,8.699999999999999400e-03,8.159619021124789318e-02,1.000000000000000021e-03,0.000000000000000000e+00,9.469999999999999529e-01,2.600000000000000089e-01,8.940000000000000169e-01,3.681381891116894955e-01,4.929999999999999938e-01,4.179999999999999827e-01,8.399999999999999689e-01,8.992005941201910435e-01,9.409999999999999476e-01
3.269999999999999990e-02,7.990894901802321482e-02,1.320000000000000062e-01,3.500977099462610626e-02,6.390000000000000124e-01,8.820000000000000062e-01,3.329261899180114281e-01,5.170000000000000290e-02,4.170000000000000095e-02,5.115391219910909174e-06,7.789999999999999702e-02,6.690000000000000391e-01,3.229019579843189075e-02,3.300000000000000155e-01,1.710000000000000062e-02,1.525901979190740290e-02,9.419999999999999554e-03,8.699999999999999400e-03,2.338366975737090347e-01,1.000000000000000021e-03,0.000000000000000000e+00,9.469999999999999529e-01,2.600000000000000089e-01,8.940000000000000169e-01,1.409263176037197085e-01,4.929999999999999938e-01,4.179999999999999827e-01,8.399999999999999689e-01,7.685404873293488759e-01,9.409999999999999476e-01
3.269999999999999990e-02,6.521458703892603070e-01,1.320000000000000062e-01,1.452800193062440404e-01,6.390000000000000124e-01,8.820000000000000062e-01,3.316909277143115786e-01,5.170000000000000290e-02,4.170000000000000095e-02,3.669078448539359397e-03,7.789999999999999702e-02,6.690000000000000391e-01,1.236701224614102090e-01,3.300000000000000155e-01,1.710000000000000062e-02,5.731185313803423970e-03,9.419999999999999554e-03,8.699999999999999400e-03,1.244694186661950419e-01,1.000000000000000021e-03,0.000000000000000000e+00,9.469999999999999529e-01,2.600000000000000089e-01,8.940000000000000169e-01,3.456786598482218253e-01,4.929999999999999938e-01,4.179999999999999827e-01,8.399999999999999689e-01,7.424275186149374983e-01,9.409999999999999476e-01
3.269999999999999990e-02,1.079969537280282277e-01,1.320000000000000062e-01,1.027793175588023605e-01,6.390000000000000124e-01,8.820000000000000062e-01,3.307567857891710039e-01,5.170000000000000290e-02,4.170000000000000095e-02,2.516042830894509681e-05,7.789999999999999702e-02,6.690000000000000391e-01,1.093072002071978216e-01,3.300000000000000155e-01,1.710000000000000062e-02,1.354735477383932005e-02,9.419999999999999554e-03,8.699999999999999400e-03,6.808542721436888767e-01,1.000000000000000021e-03,0.000000000000000000e+00,9.469999999999999529e-01,2.600000000000000089e-01,8.940000000000000169e-01,3.110363527235619485e-01,4.929999999999999938e-01,4.179999999999999827e-01,8.399999999999999689e-01,2.785122524719906012e-02,9.409999999999999476e-01
3.269999999999999990e-02,2.351343077006439741e-01,1.320000000000000062e-01,3.359454637617065309e-02,6.390000000000000124e-01,8.820000000000000062e-01,3.309003794376057517e-01,5.170000000000000290e-02,4.170000000000000095e-02,3.357122649858280600e-06,7.789999999999999702e-02,6.690000000000000391e-01,3.306567480150435223e-02,3.300000000000000155e-01,1.710000000000000062e-02,6.933341529559537697e-03,9.419999999999999554e-03,8.699999999999999400e-03,1.779195290924994732e-01,1.000000000000000021e-03,0.000000000000000000e+00,9.469999999999999529e-01,2.600000000000000089e-01,8.940000000000000169e-01,8.495172562399955218e-03,4.929999999999999938e-01,4.179999999999999827e-01,8.399999999999999689e-01,8.627168378097859192e-01,9.409999999999999476e-01
3.269999999999999990e-02,1.206781699589860313e-01,1.320000000000000062e-01,7.187154908714528390e-02,6.390000000000000124e-01,8.820000000000000062e-01,3.305697985244135939e-01,5.170000000000000290e-02,4.170000000000000095e-02,3.242530646428867895e-06,7.789999999999999702e-02,6.690000000000000391e-01,7.257010150453740982e-02,3.300000000000000155e-01,1.710000000000000062e-02,1.243866308396765138e-02,9.419999999999999554e-03,8.699999999999999400e-03,2.348723747162938247e-01,1.000000000000000021e-03,0.000000000000000000e+00,9.469999999999999529e-01,2.600000000000000089e-01,8.940000000000000169e-01,1.654438325589159195e-02,4.929999999999999938e-01,4.179999999999999827e-01,8.399999999999999689e-01,6.345134890872559108e-01,9.409999999999999476e-01
3.269999999999999990e-02,7.006712713136065140e-02,1.320000000000000062e-01,3.365828157783058022e-02,6.390000000000000124e-01,8.820000000000000062e-01,3.324877972121786929e-01,5.170000000000000290e-02,4.170000000000000095e-02,6.623448263854385051e-03,7.789999999999999702e-02,6.690000000000000391e-01,3.481705465885265305e-02,3.300000000000000155e-01,1.710000000000000062e-02,1.359454230256251610e-02,9.419999999999999554e-03,8.699999999999999400e-03,1.712591887307141625e-01,1.000000000000000021e-03,0.000000000000000000e+00,9.469999999999999529e-01,2.600000000000000089e-01,8.940000000000000169e-01,3.204783557459449650e-01,4.929999999999999938e-01,4.179999999999999827e-01,8.399999999999999689e-01,6.775120070214506462e-01,9.409999999999999476e-01
3.269999999999999990e-02,6.246255785845019615e-01,1.320000000000000062e-01,1.084510163968302743e-01,6.390000000000000124e-01,8.820000000000000062e-01,3.329441773843028196e-01,5.170000000000000290e-02,4.170000000000000095e-02,2.803685320081643524e-05,7.789999999999999702e-02,6.690000000000000391e-01,1.069360495457031685e-01,3.300000000000000155e-01,1.710000000000000062e-02,5.795631184922451357e-03,9.419999999999999554e-03,8.699999999999999400e-03,2.019474760972461702e-01,1.000000000000000021e-03,0.000000000000000000e+00,9.469999999999999529e-01,2.600000000000000089e-01,8.940000000000000169e-01,1.982788631956859393e-01,4.929999999999999938e-01,4.179999999999999827e-01,8.399999999999999689e-01,5.514270863654678889e-01,9.409999999999999476e-01
3.269999999999999990e-02,1.230842691725979321e-01,1.320000000000000062e-01,7.088201000692162523e-02,6.390000000000000124e-01,8.820000000000000062e-01,3.325695732648103475e-01,5.170000000000000290e-02,4.170000000000000095e-02,3.462856143451680489e-06,7.789999999999999702e-02,6.690000000000000391e-01,7.744497641344456895e-02,3.300000000000000155e-01,1.710000000000000062e-02,9.628882305210632875e-03,9.419999999999999554e-03,8.699999999999999400e-03,2.245459254668644156e-01,1.000000000000000021e-03,0.000000000000000000e+00,9.469999999999999529e-01,2.600000000000000089e-01,8.940000000000000169e-01,1.680342103857346281e-02,4.929999999999999938e-01,4.179999999999999827e-01,8.399999999999999689e-01,7.365672906778637508e-01,9.409999999999999476e-01
3.269999999999999990e-02,2.351343077006439741e-01,1.320000000000000062e-01,3.359454637617065309e-02,6.390000000000000124e-01,8.820000000000000062e-01,3.314108902528907774e-01,5.170000000000000290e-02,4.170000000000000095e-02,3.357122649858280600e-06,7.789999999999999702e-02,6.690000000000000391e-01,3.306567480150435223e-02,3.300000000000000155e-01,1.710000000000000062e-02,9.220020242319446405e-03,9.419999999999999554e-03,8.699999999999999400e-03,1.779195290924994732e-01,1.000000000000000021e-03,0.000000000000000000e+00,9.469999999999999529e-01,2.600000000000000089e-01,8.940000000000000169e-01,8.495172562399955218e-03,4.929999999999999938e-01,4.179999999999999827e-01,8.399999999999999689e-01,2.205054646405636976e-01,9.409999999999999476e-01
3.269999999999999990e-02,6.219670679030888660e-01,1.320000000000000062e-01,1.002690095286752209e-01,6.390000000000000124e-01,8.820000000000000062e-01,3.327914854288660518e-01,5.170000000000000290e-02,4.170000000000000095e-02,6.794333258301440867e-06,7.789999999999999702e-02,6.690000000000000391e-01,1.060220857578645925e-01,3.300000000000000155e-01,1.710000000000000062e-02,8.227526133633521546e-03,9.419999999999999554e-03,8.699999999999999400e-03,2.164871761483588286e-01,1.000000000000000021e-03,0.000000000000000000e+00,9.469999999999999529e-01,2.600000000000000089e-01,8.940000000000000169e-01,1.352044654410517466e-01,4.929999999999999938e-01,4.179999999999999827e-01,8.399999999999999689e-01,2.033938115194232621e-01,9.409999999999999476e-01
3.269999999999999990e-02,5.812145847309408975e-01,1.320000000000000062e-01,1.093332103145910478e-01,6.390000000000000124e-01,8.820000000000000062e-01,3.321771876083658981e-01,5.170000000000000290e-02,4.170000000000000095e-02,6.655702007976157028e-08,7.789999999999999702e-02,6.690000000000000391e-01,1.064447529973264334e-01,3.300000000000000155e-01,1.710000000000000062e-02,6.518332648555402904e-03,9.419999999999999554e-03,8.699999999999999400e-03,3.802213677715416545e-02,1.000000000000000021e-03,0.000000000000000000e+00,9.469999999999999529e-01,2.600000000000000089e-01,8.940000000000000169e-01,1.606854647170519179e-01,4.929999999999999938e-01,4.179999999999999827e-01,8.399999999999999689e-01,9.357188701071210701e-01,9.409999999999999476e-01
3.269999999999999990e-02,1.295375959890891215e-01,1.320000000000000062e-01,7.224172676197612719e-02,6.390000000000000124e-01,8.820000000000000062e-01,3.296911357072394577e-01,5.170000000000000290e-02,4.170000000000000095e-02,3.572736632588512790e-02,7.789999999999999702e-02,6.690000000000000391e-01,7.002413298645181194e-02,3.300000000000000155e-01,1.710000000000000062e-02,5.012452441218150263e-03,9.419999999999999554e-03,8.699999999999999400e-03,8.141305094892137273e-02,1.000000000000000021e-03,0.000000000000000000e+00,9.469999999999999529e-01,2.600000000000000089e-01,8.940000000000000169e-01,4.760595324034880838e-01,4.929999999999999938e-01,4.179999999999999827e-01,8.399999999999999689e-01,5.976023607881745248e-01,9.409999999999999476e-01
3.269999999999999990e-02,1.151449714838874983e-01,1.320000000000000062e-01,7.211435037002941750e-02,6.390000000000000124e-01,8.820000000000000062e-01,3.328748576090663214e-01,5.170000000000000290e-02,4.170000000000000095e-02,5.092269670611053616e-06,7.789999999999999702e-02,6.690000000000000391e-01,7.148150632299268836e-02,3.300000000000000155e-01,1.710000000000000062e-02,7.826148171524122815e-03,9.419999999999999554e-03,8.699999999999999400e-03,1.291236630371099814e-01,1.000000000000000021e-03,0.000000000000000000e+00,9.469999999999999529e-01,2.600000000000000089e-01,8.940000000000000169e-01,1.686518712424871780e-01,4.929999999999999938e-01,4.179999999999999827e-01,8.399999999999999689e-01,8.629089972592928204e-01,9.409999999999999476e-01
3.269999999999999990e-02,2.197476755289266004e-01,1.320000000000000062e-01,5.371033897701508325e-02,6.390000000000000124e-01,8.820000000000000062e-01,3.314032818422862903e-01,5.170000000000000290e-02,4.170000000000000095e-02,6.552612407480921974e-07,7.789999999999999702e-02,6.690000000000000391e-01,5.981229821415284115e-02,3.300000000000000155e-01,1.710000000000000062e-02,1.031641984132966421e-02,9.419999999999999554e-03,8.699999999999999400e-03,8.271313274004282734e-01,1.000000000000000021e-03,0.000000000000000000e+00,9.469999999999999529e-01,2.600000000000000089e-01,8.940000000000000169e-01,7.358510912334863541e-01,4.929999999999999938e-01,4.179999999999999827e-01,8.399999999999999689e-01,6.182865860445785344e-01,9.409999999999999476e-01
