9.659999999999999698e-01,1.580670000000000130e-01,0.000000000000000000e+00,3.017850000000000255e-01,3.805900000000000255e-02,9.829999999999999849e-01,1.169779999999999986e-01,1.604600000000000123e-02,4.563450000000000006e-01,1.203999999999999992e-03,9.979999999999999982e-01,7.280000000000000360e-02,7.582938900000000615e+01,1.721119999999999872e-01,9.471999999999999517e-03
9.549999999999999600e-01,1.622000000000000108e-01,0.000000000000000000e+00,3.284900000000000042e-01,3.805900000000000255e-02,9.819999999999999840e-01,1.172669999999999962e-01,1.604600000000000123e-02,4.591529999999999778e-01,4.070000000000000267e-04,9.899999999999999911e-01,3.095600000000000088e-02,1.337142700000000062e+01,4.997700000000000059e-02,7.679400000000000115e-02
9.559999999999999609e-01,1.604889999999999928e-01,0.000000000000000000e+00,3.155379999999999852e-01,3.805900000000000255e-02,9.809999999999999831e-01,1.175780000000000020e-01,1.604600000000000123e-02,4.782649999999999957e-01,0.000000000000000000e+00,9.959999999999999964e-01,9.059999999999999998e-02,4.138660699999999792e+01,1.367039999999999922e-01,4.709399999999999697e-02
9.559999999999999609e-01,1.604440000000000033e-01,0.000000000000000000e+00,3.122679999999999900e-01,3.805900000000000255e-02,9.809999999999999831e-01,1.175999999999999962e-01,1.604600000000000123e-02,4.741679999999999784e-01,0.000000000000000000e+00,9.969999999999999973e-01,8.286699999999999622e-02,5.545718899999999962e+01,1.162880000000000025e-01,7.797999999999999376e-02
9.459999999999999520e-01,1.624670000000000003e-01,0.000000000000000000e+00,3.204940000000000011e-01,3.805900000000000255e-02,9.809999999999999831e-01,1.185329999999999995e-01,1.604600000000000123e-02,4.866739999999999955e-01,0.000000000000000000e+00,9.929999999999999938e-01,1.379999999999999977e-02,4.957209300000000241e+01,1.659909999999999997e-01,1.031400000000000025e-02
9.180000000000000382e-01,1.758440000000000003e-01,0.000000000000000000e+00,3.571329999999999782e-01,2.270300000000000096e-02,9.809999999999999831e-01,1.225330000000000030e-01,1.705299999999999871e-02,5.068850000000000300e-01,0.000000000000000000e+00,9.939999999999999947e-01,1.328900000000000046e-02,4.647261900000000168e+01,2.230870000000000075e-01,2.047200000000000061e-02
9.749999999999999778e-01,1.453560000000000130e-01,0.000000000000000000e+00,2.999809999999999977e-01,9.093000000000000388e-03,9.839999999999999858e-01,1.155560000000000059e-01,1.604600000000000123e-02,4.548059999999999881e-01,7.617999999999999772e-03,9.909999999999999920e-01,2.537800000000000125e-02,5.546880600000000072e+01,4.646700000000000136e-02,4.497999999999999915e-02
9.389999999999999458e-01,1.652000000000000135e-01,0.000000000000000000e+00,3.456060000000000243e-01,3.805900000000000255e-02,9.809999999999999831e-01,1.179110000000000019e-01,1.604600000000000123e-02,4.846659999999999857e-01,0.000000000000000000e+00,9.909999999999999920e-01,1.877799999999999955e-02,1.337142700000000062e+01,1.581819999999999893e-01,2.412399999999999961e-02
9.649999999999999689e-01,1.579109999999999958e-01,0.000000000000000000e+00,3.016530000000000045e-01,3.805900000000000255e-02,9.819999999999999840e-01,1.172890000000000044e-01,1.705299999999999871e-02,4.568030000000000146e-01,6.825000000000000337e-03,9.829999999999999849e-01,1.524400000000000061e-02,2.061116799999999927e+01,4.936700000000000116e-02,2.676900000000000113e-02
9.050000000000000266e-01,1.779330000000000078e-01,0.000000000000000000e+00,3.607159999999999811e-01,3.007599999999999857e-02,9.809999999999999831e-01,1.227110000000000006e-01,1.604600000000000123e-02,5.079669999999999463e-01,0.000000000000000000e+00,9.919999999999999929e-01,1.902200000000000071e-02,1.252446600000000032e+01,1.235770000000000063e-01,9.722799999999999498e-02
9.609999999999999654e-01,1.614669999999999994e-01,0.000000000000000000e+00,3.263739999999999974e-01,3.805900000000000255e-02,9.819999999999999840e-01,1.172220000000000067e-01,1.604600000000000123e-02,4.568639999999999923e-01,3.033999999999999805e-03,9.909999999999999920e-01,2.199999999999999872e-02,4.138660699999999792e+01,7.497199999999999698e-02,2.418199999999999864e-02
9.559999999999999609e-01,1.616670000000000051e-01,0.000000000000000000e+00,3.284850000000000270e-01,3.805900000000000255e-02,9.819999999999999840e-01,1.172220000000000067e-01,1.705299999999999871e-02,4.590949999999999753e-01,5.730000000000000501e-04,9.899999999999999911e-01,3.095600000000000088e-02,1.337142700000000062e+01,6.866800000000000681e-02,2.782000000000000098e-02
9.599999999999999645e-01,1.584889999999999910e-01,0.000000000000000000e+00,3.038069999999999937e-01,3.805900000000000255e-02,9.819999999999999840e-01,1.172890000000000044e-01,1.604600000000000123e-02,4.583550000000000124e-01,1.685999999999999999e-03,9.929999999999999938e-01,3.568899999999999850e-02,4.647042799999999829e+01,6.609099999999999697e-02,8.192000000000000670e-02
9.539999999999999591e-01,1.602000000000000091e-01,0.000000000000000000e+00,3.143299999999999983e-01,3.805900000000000255e-02,9.809999999999999831e-01,1.175110000000000043e-01,1.705299999999999871e-02,4.768879999999999786e-01,0.000000000000000000e+00,9.949999999999999956e-01,5.624400000000000233e-02,4.957428500000000327e+01,1.682549999999999879e-01,9.686000000000000165e-03
9.519999999999999574e-01,1.606219999999999870e-01,0.000000000000000000e+00,3.165419999999999900e-01,3.805900000000000255e-02,9.809999999999999831e-01,1.175329999999999986e-01,1.604600000000000123e-02,4.794490000000000141e-01,0.000000000000000000e+00,9.959999999999999964e-01,9.102200000000000568e-02,3.189584299999999928e+01,1.572780000000000011e-01,3.712000000000000022e-02
9.569999999999999618e-01,1.584669999999999968e-01,0.000000000000000000e+00,3.044069999999999832e-01,3.805900000000000255e-02,9.819999999999999840e-01,1.172440000000000010e-01,1.604600000000000123e-02,4.592229999999999923e-01,5.559999999999999621e-04,9.909999999999999920e-01,2.828900000000000164e-02,2.808827300000000093e+01,7.242300000000000126e-02,3.238100000000000006e-02
9.629999999999999671e-01,1.620000000000000051e-01,0.000000000000000000e+00,3.237579999999999902e-01,3.805900000000000255e-02,9.819999999999999840e-01,1.172220000000000067e-01,1.604600000000000123e-02,4.564610000000000056e-01,3.996000000000000420e-03,9.939999999999999947e-01,1.637800000000000020e-02,5.546880600000000072e+01,4.854300000000000281e-02,9.843899999999999872e-02
9.419999999999999485e-01,1.614669999999999994e-01,0.000000000000000000e+00,3.189859999999999918e-01,3.805900000000000255e-02,9.809999999999999831e-01,1.175999999999999962e-01,1.604600000000000123e-02,4.805570000000000119e-01,0.000000000000000000e+00,9.939999999999999947e-01,5.553299999999999903e-02,1.707249999999999879e-01,1.434509999999999952e-01,3.759400000000000241e-02
9.469999999999999529e-01,1.613779999999999937e-01,0.000000000000000000e+00,3.173549999999999982e-01,3.805900000000000255e-02,9.809999999999999831e-01,1.175780000000000020e-01,1.705299999999999871e-02,4.797370000000000245e-01,0.000000000000000000e+00,9.939999999999999947e-01,5.426700000000000274e-02,3.402201399999999865e+01,1.240580000000000016e-01,8.450599999999999778e-02
9.609999999999999654e-01,1.580890000000000073e-01,0.000000000000000000e+00,3.032270000000000243e-01,3.805900000000000255e-02,9.819999999999999840e-01,1.172669999999999962e-01,1.604600000000000123e-02,4.573420000000000263e-01,2.817000000000000060e-03,9.919999999999999929e-01,2.848900000000000043e-02,3.879295199999999966e+01,7.243900000000000339e-02,4.532599999999999824e-02
9.569999999999999618e-01,1.584669999999999968e-01,0.000000000000000000e+00,3.044089999999999852e-01,3.805900000000000255e-02,9.819999999999999840e-01,1.172440000000000010e-01,1.604600000000000123e-02,4.592229999999999923e-01,5.559999999999999621e-04,9.909999999999999920e-01,2.828900000000000164e-02,2.808827300000000093e+01,1.010930000000000023e-01,5.834999999999999909e-03
9.609999999999999654e-01,1.626670000000000060e-01,0.000000000000000000e+00,3.293679999999999941e-01,3.805900000000000255e-02,9.809999999999999831e-01,1.173330000000000067e-01,1.705299999999999871e-02,4.637990000000000168e-01,3.600000000000000091e-05,9.939999999999999947e-01,5.073300000000000032e-02,4.957428500000000327e+01,8.988100000000000256e-02,7.842499999999999472e-02
9.449999999999999512e-01,1.611329999999999985e-01,0.000000000000000000e+00,3.186720000000000108e-01,3.805900000000000255e-02,9.809999999999999831e-01,1.175780000000000020e-01,1.604600000000000123e-02,4.804450000000000109e-01,0.000000000000000000e+00,9.949999999999999956e-01,6.444400000000000128e-02,1.606440000000000090e-01,9.890799999999999592e-02,9.701799999999999313e-02
9.579999999999999627e-01,1.602889999999999870e-01,0.000000000000000000e+00,3.122559999999999780e-01,3.805900000000000255e-02,9.809999999999999831e-01,1.175999999999999962e-01,1.812300000000000022e-02,4.741529999999999911e-01,0.000000000000000000e+00,9.969999999999999973e-01,8.284400000000000097e-02,5.545718899999999962e+01,1.578430000000000111e-01,1.972399999999999848e-02
9.559999999999999609e-01,1.606219999999999870e-01,0.000000000000000000e+00,3.155569999999999764e-01,3.805900000000000255e-02,9.809999999999999831e-01,1.175999999999999962e-01,1.705299999999999871e-02,4.782939999999999969e-01,0.000000000000000000e+00,9.959999999999999964e-01,9.059999999999999998e-02,4.138660699999999792e+01,2.632869999999999933e-01,0.000000000000000000e+00
9.399999999999999467e-01,1.613999999999999879e-01,0.000000000000000000e+00,3.194600000000000217e-01,3.805900000000000255e-02,9.809999999999999831e-01,1.175999999999999962e-01,1.604600000000000123e-02,4.808189999999999964e-01,0.000000000000000000e+00,9.899999999999999911e-01,1.731100000000000000e-02,2.643200000000000063e-02,1.102420000000000067e-01,6.952500000000000346e-02
9.389999999999999458e-01,1.652000000000000135e-01,0.000000000000000000e+00,3.456060000000000243e-01,3.805900000000000255e-02,9.809999999999999831e-01,1.179110000000000019e-01,1.705299999999999871e-02,4.846659999999999857e-01,0.000000000000000000e+00,9.909999999999999920e-01,1.877799999999999955e-02,1.337142700000000062e+01,2.285540000000000072e-01,3.893000000000000193e-03
9.120000000000000329e-01,1.726219999999999977e-01,0.000000000000000000e+00,3.445179999999999909e-01,3.805900000000000255e-02,9.809999999999999831e-01,1.219329999999999997e-01,1.705299999999999871e-02,5.059780000000000388e-01,0.000000000000000000e+00,9.909999999999999920e-01,1.940000000000000058e-02,1.606440000000000090e-01,1.956170000000000131e-01,2.997899999999999870e-02
9.130000000000000338e-01,1.782670000000000088e-01,0.000000000000000000e+00,3.585639999999999938e-01,3.007599999999999857e-02,9.809999999999999831e-01,1.227560000000000040e-01,1.604600000000000123e-02,5.071649999999999769e-01,0.000000000000000000e+00,9.929999999999999938e-01,1.262199999999999954e-02,4.138660699999999792e+01,1.496730000000000005e-01,7.725799999999999335e-02
9.399999999999999467e-01,1.655560000000000087e-01,0.000000000000000000e+00,3.451429999999999776e-01,3.805900000000000255e-02,9.809999999999999831e-01,1.179560000000000053e-01,1.604600000000000123e-02,4.845749999999999780e-01,0.000000000000000000e+00,9.899999999999999911e-01,6.643999999999999732e-03,2.633303400000000138e+01,1.177669999999999967e-01,2.743100000000000052e-02
9.110000000000000320e-01,1.783109999999999973e-01,0.000000000000000000e+00,3.590300000000000158e-01,3.007599999999999857e-02,9.809999999999999831e-01,1.227779999999999982e-01,1.705299999999999871e-02,5.073229999999999684e-01,0.000000000000000000e+00,9.929999999999999938e-01,1.977800000000000044e-02,3.879295199999999966e+01,1.245829999999999993e-01,9.869500000000000495e-02
9.519999999999999574e-01,1.584220000000000073e-01,0.000000000000000000e+00,3.170069999999999832e-01,3.215300000000000102e-02,9.809999999999999831e-01,1.173330000000000067e-01,1.705299999999999871e-02,4.791250000000000231e-01,0.000000000000000000e+00,9.929999999999999938e-01,3.275600000000000039e-02,3.879295199999999966e+01,1.221359999999999946e-01,6.400599999999999346e-02
9.539999999999999591e-01,1.611329999999999985e-01,0.000000000000000000e+00,3.162980000000000236e-01,3.805900000000000255e-02,9.809999999999999831e-01,1.175999999999999962e-01,1.705299999999999871e-02,4.792969999999999731e-01,0.000000000000000000e+00,9.959999999999999964e-01,9.099999999999999756e-02,3.402201399999999865e+01,1.798520000000000119e-01,1.642599999999999963e-02
9.559999999999999609e-01,1.601329999999999976e-01,0.000000000000000000e+00,3.145470000000000210e-01,3.805900000000000255e-02,9.809999999999999831e-01,1.175329999999999986e-01,1.705299999999999871e-02,4.774189999999999823e-01,0.000000000000000000e+00,9.959999999999999964e-01,8.982199999999999906e-02,4.647502099999999814e+01,1.592010000000000092e-01,1.202699999999999950e-02
9.439999999999999503e-01,1.586220000000000130e-01,0.000000000000000000e+00,3.191789999999999905e-01,3.215300000000000102e-02,9.809999999999999831e-01,1.173109999999999986e-01,1.604600000000000123e-02,4.806110000000000104e-01,0.000000000000000000e+00,9.899999999999999911e-01,1.984400000000000053e-02,2.487100000000000075e-02,1.422730000000000106e-01,2.846299999999999872e-02
9.240000000000000435e-01,1.718439999999999968e-01,0.000000000000000000e+00,3.405270000000000241e-01,3.805900000000000255e-02,9.809999999999999831e-01,1.218439999999999940e-01,1.705299999999999871e-02,5.043670000000000098e-01,0.000000000000000000e+00,9.939999999999999947e-01,8.666999999999999357e-03,4.957428500000000327e+01,1.718260000000000065e-01,4.360499999999999793e-02
9.399999999999999467e-01,1.612669999999999937e-01,0.000000000000000000e+00,3.191519999999999913e-01,3.805900000000000255e-02,9.809999999999999831e-01,1.175780000000000020e-01,1.705299999999999871e-02,4.807029999999999914e-01,0.000000000000000000e+00,9.909999999999999920e-01,2.211099999999999871e-02,1.337142700000000062e+01,1.479729999999999934e-01,2.836599999999999885e-02
9.569999999999999618e-01,1.578670000000000073e-01,0.000000000000000000e+00,3.046289999999999831e-01,3.805900000000000255e-02,9.819999999999999840e-01,1.172220000000000067e-01,1.604600000000000123e-02,4.596120000000000205e-01,4.130000000000000099e-04,9.909999999999999920e-01,2.911100000000000146e-02,2.633303400000000138e+01,8.007400000000000628e-02,1.943599999999999842e-02
9.120000000000000329e-01,1.812439999999999884e-01,0.000000000000000000e+00,3.823019999999999752e-01,3.007599999999999857e-02,9.809999999999999831e-01,1.227329999999999949e-01,1.705299999999999871e-02,5.072189999999999754e-01,0.000000000000000000e+00,9.949999999999999956e-01,3.875599999999999878e-02,3.879295199999999966e+01,2.506939999999999724e-01,1.298299999999999975e-02
9.549999999999999600e-01,1.580670000000000130e-01,0.000000000000000000e+00,3.030169999999999808e-01,3.805900000000000255e-02,9.819999999999999840e-01,1.172669999999999962e-01,1.604600000000000123e-02,4.571169999999999956e-01,6.700000000000000226e-04,9.859999999999999876e-01,1.997799999999999923e-02,1.707249999999999879e-01,6.467799999999999938e-02,8.578999999999999820e-03
9.479999999999999538e-01,1.652440000000000020e-01,0.000000000000000000e+00,3.411290000000000155e-01,3.805900000000000255e-02,9.809999999999999831e-01,1.179560000000000053e-01,1.705299999999999871e-02,4.823580000000000090e-01,0.000000000000000000e+00,9.939999999999999947e-01,3.291100000000000275e-02,4.647042799999999829e+01,1.437650000000000039e-01,4.352400000000000019e-02
9.609999999999999654e-01,1.584669999999999968e-01,0.000000000000000000e+00,3.034819999999999740e-01,3.805900000000000255e-02,9.819999999999999840e-01,1.172890000000000044e-01,1.705299999999999871e-02,4.577430000000000110e-01,1.685999999999999999e-03,9.929999999999999938e-01,3.304399999999999699e-02,4.957209300000000241e+01,8.555100000000000204e-02,5.270899999999999891e-02
9.429999999999999494e-01,1.611559999999999937e-01,0.000000000000000000e+00,3.184500000000000108e-01,3.805900000000000255e-02,9.809999999999999831e-01,1.175780000000000020e-01,1.705299999999999871e-02,4.802930000000000255e-01,0.000000000000000000e+00,9.889999999999999902e-01,5.266999999999999980e-03,2.808827300000000093e+01,9.353400000000000603e-02,4.886800000000000171e-02
9.689999999999999725e-01,1.509109999999999896e-01,0.000000000000000000e+00,3.014120000000000132e-01,1.661599999999999883e-02,9.819999999999999840e-01,1.161999999999999977e-01,1.604600000000000123e-02,4.559779999999999944e-01,7.242000000000000173e-03,9.839999999999999858e-01,1.922199999999999950e-02,2.061116799999999927e+01,4.927100000000000229e-02,4.093200000000000310e-02
9.549999999999999600e-01,1.582000000000000073e-01,0.000000000000000000e+00,3.041690000000000227e-01,3.805900000000000255e-02,9.819999999999999840e-01,1.172669999999999962e-01,1.604600000000000123e-02,4.584340000000000082e-01,5.680000000000000370e-04,9.879999999999999893e-01,1.582199999999999926e-02,2.808827300000000093e+01,7.436199999999999755e-02,1.056099999999999921e-02
9.679999999999999716e-01,1.576220000000000121e-01,0.000000000000000000e+00,3.009780000000000233e-01,3.805900000000000255e-02,9.819999999999999840e-01,1.172890000000000044e-01,1.604600000000000123e-02,4.567709999999999826e-01,6.830000000000000134e-03,9.809999999999999831e-01,1.977800000000000044e-02,1.505175500000000000e+01,2.425499999999999878e-02,8.188600000000000045e-02
9.519999999999999574e-01,1.584220000000000073e-01,0.000000000000000000e+00,3.169699999999999740e-01,3.215300000000000102e-02,9.809999999999999831e-01,1.173330000000000067e-01,1.604600000000000123e-02,4.790849999999999831e-01,0.000000000000000000e+00,9.929999999999999938e-01,3.868900000000000117e-02,3.879295199999999966e+01,1.573819999999999941e-01,2.219199999999999992e-02
9.140000000000000346e-01,1.783329999999999915e-01,0.000000000000000000e+00,3.584370000000000056e-01,3.007599999999999857e-02,9.809999999999999831e-01,1.227779999999999982e-01,1.604600000000000123e-02,5.070580000000000087e-01,0.000000000000000000e+00,9.949999999999999956e-01,3.684400000000000175e-02,4.138660699999999792e+01,1.693010000000000070e-01,5.940299999999999747e-02
9.489999999999999547e-01,1.651110000000000078e-01,0.000000000000000000e+00,3.398419999999999774e-01,3.805900000000000255e-02,9.809999999999999831e-01,1.179560000000000053e-01,1.604600000000000123e-02,4.816819999999999991e-01,0.000000000000000000e+00,9.939999999999999947e-01,2.982200000000000129e-02,4.957209300000000241e+01,1.215529999999999944e-01,8.735500000000000209e-02
9.599999999999999645e-01,1.582439999999999958e-01,0.000000000000000000e+00,3.033379999999999965e-01,3.805900000000000255e-02,9.819999999999999840e-01,1.172669999999999962e-01,1.604600000000000123e-02,4.570219999999999838e-01,3.001999999999999894e-03,9.899999999999999911e-01,1.379999999999999977e-02,4.138660699999999792e+01,8.492700000000000249e-02,5.321000000000000209e-03
9.170000000000000373e-01,1.778669999999999973e-01,0.000000000000000000e+00,3.564620000000000011e-01,3.007599999999999857e-02,9.809999999999999831e-01,1.227560000000000040e-01,1.604600000000000123e-02,5.065800000000000303e-01,0.000000000000000000e+00,9.959999999999999964e-01,4.655600000000000016e-02,4.957209300000000241e+01,2.226509999999999878e-01,2.594099999999999878e-02
9.589999999999999636e-01,1.582439999999999958e-01,0.000000000000000000e+00,3.035220000000000140e-01,3.805900000000000255e-02,9.819999999999999840e-01,1.172669999999999962e-01,1.705299999999999871e-02,4.574420000000000153e-01,2.752999999999999805e-03,9.899999999999999911e-01,1.428899999999999962e-02,3.879295199999999966e+01,6.739399999999999558e-02,1.923899999999999916e-02
9.609999999999999654e-01,1.582439999999999958e-01,0.000000000000000000e+00,3.037889999999999757e-01,3.805900000000000255e-02,9.819999999999999840e-01,1.172669999999999962e-01,1.705299999999999871e-02,4.583149999999999724e-01,1.694999999999999892e-03,9.929999999999999938e-01,3.568899999999999850e-02,4.647042799999999829e+01,1.346130000000000104e-01,6.014000000000000248e-03
9.559999999999999609e-01,1.584220000000000073e-01,0.000000000000000000e+00,3.045820000000000194e-01,3.805900000000000255e-02,9.819999999999999840e-01,1.172669999999999962e-01,1.604600000000000123e-02,4.594909999999999828e-01,6.999999999999999387e-05,9.899999999999999911e-01,3.400000000000000244e-02,2.487100000000000075e-02,4.799099999999999894e-02,8.838000000000000023e-02
9.529999999999999583e-01,1.583110000000000073e-01,0.000000000000000000e+00,3.165540000000000020e-01,3.215300000000000102e-02,9.809999999999999831e-01,1.173330000000000067e-01,1.705299999999999871e-02,4.786739999999999884e-01,0.000000000000000000e+00,9.929999999999999938e-01,3.073299999999999990e-02,4.138660699999999792e+01,1.497320000000000040e-01,3.265500000000000347e-02
9.539999999999999591e-01,1.585999999999999910e-01,0.000000000000000000e+00,3.064979999999999927e-01,3.805900000000000255e-02,9.819999999999999840e-01,1.172890000000000044e-01,1.604600000000000123e-02,4.634579999999999811e-01,1.299999999999999920e-05,9.909999999999999920e-01,4.542199999999999710e-02,2.643200000000000063e-02,7.027899999999999425e-02,6.885800000000000254e-02
9.679999999999999716e-01,1.576220000000000121e-01,0.000000000000000000e+00,3.009419999999999873e-01,3.805900000000000255e-02,9.819999999999999840e-01,1.172890000000000044e-01,1.705299999999999871e-02,4.567439999999999833e-01,6.703999999999999890e-03,9.819999999999999840e-01,1.884399999999999964e-02,2.633303400000000138e+01,2.470699999999999980e-02,8.172100000000000197e-02
9.479999999999999538e-01,1.613110000000000099e-01,0.000000000000000000e+00,3.186050000000000271e-01,3.805900000000000255e-02,9.809999999999999831e-01,1.179329999999999962e-01,1.705299999999999871e-02,4.825229999999999797e-01,0.000000000000000000e+00,9.919999999999999929e-01,3.821999999999999877e-03,4.647261900000000168e+01,9.890899999999999692e-02,4.329000000000000209e-02
9.419999999999999485e-01,1.613779999999999937e-01,0.000000000000000000e+00,3.192369999999999930e-01,3.805900000000000255e-02,9.809999999999999831e-01,1.175999999999999962e-01,1.705299999999999871e-02,4.806739999999999902e-01,0.000000000000000000e+00,9.909999999999999920e-01,3.791100000000000025e-02,2.643200000000000063e-02,9.713399999999999812e-02,9.949199999999999711e-02
9.579999999999999627e-01,1.602669999999999928e-01,0.000000000000000000e+00,3.109839999999999827e-01,3.805900000000000255e-02,9.809999999999999831e-01,1.175780000000000020e-01,1.604600000000000123e-02,4.727770000000000028e-01,0.000000000000000000e+00,9.969999999999999973e-01,7.944400000000000073e-02,5.916059899999999772e+01,1.438290000000000124e-01,3.712900000000000228e-02
9.429999999999999494e-01,1.607780000000000042e-01,0.000000000000000000e+00,3.191309999999999980e-01,3.805900000000000255e-02,9.809999999999999831e-01,1.175110000000000043e-01,1.705299999999999871e-02,4.806270000000000264e-01,0.000000000000000000e+00,9.909999999999999920e-01,3.791100000000000025e-02,1.707249999999999879e-01,1.214090000000000030e-01,6.550699999999999579e-02
9.539999999999999591e-01,1.585999999999999910e-01,0.000000000000000000e+00,3.064999999999999947e-01,3.805900000000000255e-02,9.819999999999999840e-01,1.172890000000000044e-01,1.604600000000000123e-02,4.634599999999999831e-01,1.200000000000000030e-05,9.909999999999999920e-01,4.542199999999999710e-02,2.487100000000000075e-02,9.279400000000000148e-02,3.422999999999999654e-02
9.609999999999999654e-01,1.582220000000000015e-01,0.000000000000000000e+00,3.034649999999999848e-01,3.805900000000000255e-02,9.819999999999999840e-01,1.172669999999999962e-01,1.604600000000000123e-02,4.577019999999999977e-01,1.694999999999999892e-03,9.929999999999999938e-01,3.304399999999999699e-02,4.957209300000000241e+01,1.151900000000000007e-01,1.591800000000000159e-02
9.589999999999999636e-01,1.584220000000000073e-01,0.000000000000000000e+00,3.031389999999999918e-01,3.805900000000000255e-02,9.819999999999999840e-01,1.172440000000000010e-01,1.604600000000000123e-02,4.572950000000000070e-01,2.746999999999999876e-03,9.899999999999999911e-01,1.473299999999999957e-02,3.879295199999999966e+01,4.606400000000000078e-02,9.537900000000000544e-02
9.489999999999999547e-01,1.610439999999999927e-01,0.000000000000000000e+00,3.173050000000000037e-01,3.805900000000000255e-02,9.809999999999999831e-01,1.175780000000000020e-01,1.705299999999999871e-02,4.791440000000000143e-01,0.000000000000000000e+00,9.909999999999999920e-01,6.244000000000000418e-03,4.138660699999999792e+01,1.238699999999999940e-01,4.579999999999999870e-03
9.499999999999999556e-01,1.650000000000000078e-01,0.000000000000000000e+00,3.406890000000000196e-01,3.805900000000000255e-02,9.809999999999999831e-01,1.176220000000000043e-01,1.604600000000000123e-02,4.791699999999999848e-01,0.000000000000000000e+00,9.939999999999999947e-01,5.306700000000000306e-02,3.879295199999999966e+01,1.723359999999999892e-01,2.688799999999999871e-02
9.719999999999999751e-01,1.458440000000000014e-01,0.000000000000000000e+00,3.012630000000000030e-01,9.839000000000000523e-03,9.829999999999999849e-01,1.155999999999999944e-01,1.705299999999999871e-02,4.553220000000000045e-01,7.603000000000000383e-03,9.839999999999999858e-01,1.828899999999999970e-02,2.808827300000000093e+01,4.570500000000000257e-02,3.743400000000000200e-02
9.589999999999999636e-01,1.584220000000000073e-01,0.000000000000000000e+00,3.030089999999999728e-01,3.805900000000000255e-02,9.819999999999999840e-01,1.172440000000000010e-01,1.604600000000000123e-02,4.571450000000000236e-01,2.752000000000000106e-03,9.879999999999999893e-01,1.433300000000000025e-02,3.402201399999999865e+01,4.986199999999999660e-02,5.993400000000000116e-02
9.220000000000000417e-01,1.723109999999999919e-01,0.000000000000000000e+00,3.414329999999999865e-01,3.805900000000000255e-02,9.809999999999999831e-01,1.219559999999999950e-01,1.604600000000000123e-02,5.047199999999999465e-01,0.000000000000000000e+00,9.939999999999999947e-01,9.756000000000000782e-03,4.647502099999999814e+01,1.406139999999999890e-01,7.257500000000000062e-02
9.609999999999999654e-01,1.521109999999999962e-01,0.000000000000000000e+00,3.039040000000000075e-01,2.495500000000000149e-02,9.819999999999999840e-01,1.163330000000000058e-01,1.705299999999999871e-02,4.577490000000000170e-01,2.210000000000000050e-04,9.849999999999999867e-01,1.535599999999999986e-02,2.487100000000000075e-02,4.958900000000000113e-02,5.499099999999999822e-02
9.519999999999999574e-01,1.591110000000000024e-01,0.000000000000000000e+00,3.110769999999999924e-01,3.805900000000000255e-02,9.809999999999999831e-01,1.173109999999999986e-01,1.604600000000000123e-02,4.702479999999999993e-01,0.000000000000000000e+00,9.929999999999999938e-01,5.482200000000000267e-02,2.643200000000000063e-02,7.153500000000000136e-02,9.912999999999999590e-02
9.619999999999999662e-01,1.579109999999999958e-01,0.000000000000000000e+00,3.024430000000000174e-01,3.805900000000000255e-02,9.819999999999999840e-01,1.172669999999999962e-01,1.604600000000000123e-02,4.567840000000000233e-01,1.696999999999999941e-03,9.869999999999999885e-01,2.017800000000000149e-02,2.763550599999999946e+01,5.002700000000000202e-02,5.259599999999999692e-02
9.629999999999999671e-01,1.576220000000000121e-01,0.000000000000000000e+00,3.017569999999999975e-01,3.805900000000000255e-02,9.819999999999999840e-01,1.172220000000000067e-01,1.604600000000000123e-02,4.564579999999999749e-01,4.016999999999999738e-03,9.889999999999999902e-01,1.535599999999999986e-02,4.647042799999999829e+01,4.843599999999999989e-02,5.977099999999999774e-02
9.270000000000000462e-01,1.715559999999999863e-01,0.000000000000000000e+00,3.382109999999999839e-01,3.805900000000000255e-02,9.809999999999999831e-01,1.219329999999999997e-01,1.705299999999999871e-02,5.036749999999999838e-01,0.000000000000000000e+00,9.959999999999999964e-01,7.310999999999999791e-03,5.916059899999999772e+01,2.401300000000000101e-01,9.003999999999999851e-03
9.519999999999999574e-01,1.629780000000000117e-01,0.000000000000000000e+00,3.350279999999999925e-01,3.805900000000000255e-02,9.809999999999999831e-01,1.172890000000000044e-01,1.604600000000000123e-02,4.702080000000000148e-01,0.000000000000000000e+00,9.929999999999999938e-01,5.480000000000000149e-02,2.487100000000000075e-02,1.432829999999999937e-01,2.220999999999999884e-03
9.799999999999999822e-01,1.412219999999999864e-01,0.000000000000000000e+00,3.000380000000000269e-01,5.619999999999999996e-04,9.839999999999999858e-01,1.144889999999999936e-01,1.604600000000000123e-02,4.543400000000000216e-01,7.677999999999999929e-03,9.809999999999999831e-01,1.475600000000000002e-02,4.647261900000000168e+01,4.544499999999999929e-02,1.828000000000000111e-02
9.270000000000000462e-01,1.747110000000000052e-01,0.000000000000000000e+00,3.586659999999999848e-01,3.805900000000000255e-02,9.809999999999999831e-01,1.218889999999999973e-01,1.604600000000000123e-02,5.036610000000000253e-01,0.000000000000000000e+00,9.959999999999999964e-01,8.977999999999999869e-03,5.916059899999999772e+01,1.417029999999999956e-01,7.654800000000000493e-02
9.609999999999999654e-01,1.590669999999999862e-01,0.000000000000000000e+00,3.072829999999999728e-01,3.805900000000000255e-02,9.809999999999999831e-01,1.174000000000000044e-01,1.705299999999999871e-02,4.656710000000000016e-01,0.000000000000000000e+00,9.969999999999999973e-01,7.953300000000000647e-02,5.916059899999999772e+01,1.709179999999999866e-01,2.806000000000000161e-02
9.709999999999999742e-01,1.510890000000000011e-01,0.000000000000000000e+00,2.999720000000000164e-01,1.835900000000000032e-02,9.829999999999999849e-01,1.160000000000000059e-01,1.705299999999999871e-02,4.549759999999999915e-01,7.223000000000000254e-03,9.909999999999999920e-01,2.867000000000000191e-03,7.582938900000000615e+01,4.863900000000000168e-02,0.000000000000000000e+00
9.479999999999999538e-01,1.603110000000000090e-01,0.000000000000000000e+00,3.143949999999999800e-01,3.805900000000000255e-02,9.809999999999999831e-01,1.174000000000000044e-01,1.604600000000000123e-02,4.749729999999999785e-01,0.000000000000000000e+00,9.939999999999999947e-01,6.711100000000000398e-02,2.643200000000000063e-02,1.340790000000000037e-01,1.966999999999999998e-02
9.649999999999999689e-01,1.575999999999999901e-01,0.000000000000000000e+00,3.016929999999999890e-01,3.805900000000000255e-02,9.819999999999999840e-01,1.172220000000000067e-01,1.604600000000000123e-02,4.563809999999999811e-01,4.016999999999999738e-03,9.899999999999999911e-01,1.462199999999999958e-02,4.957428500000000327e+01,7.048100000000000198e-02,3.647000000000000068e-03
9.140000000000000346e-01,1.726000000000000034e-01,0.000000000000000000e+00,3.436509999999999843e-01,3.805900000000000255e-02,9.809999999999999831e-01,1.219329999999999997e-01,1.705299999999999871e-02,5.056429999999999536e-01,0.000000000000000000e+00,9.919999999999999929e-01,1.691099999999999895e-02,2.808827300000000093e+01,1.967750000000000055e-01,2.970599999999999977e-02
9.120000000000000329e-01,1.723780000000000034e-01,0.000000000000000000e+00,3.443840000000000234e-01,3.805900000000000255e-02,9.809999999999999831e-01,1.218439999999999940e-01,1.705299999999999871e-02,5.059329999999999661e-01,0.000000000000000000e+00,9.919999999999999929e-01,1.935600000000000168e-02,1.252446600000000032e+01,2.120730000000000115e-01,2.179800000000000140e-02
9.549999999999999600e-01,1.632000000000000117e-01,0.000000000000000000e+00,3.343479999999999785e-01,3.805900000000000255e-02,9.809999999999999831e-01,1.173330000000000067e-01,1.705299999999999871e-02,4.697970000000000201e-01,0.000000000000000000e+00,9.929999999999999938e-01,5.464399999999999813e-02,2.633303400000000138e+01,1.096359999999999973e-01,5.996499999999999747e-02
9.659999999999999698e-01,1.580000000000000016e-01,0.000000000000000000e+00,3.012380000000000058e-01,3.805900000000000255e-02,9.829999999999999849e-01,1.170439999999999953e-01,1.705299999999999871e-02,4.556959999999999900e-01,3.995000000000000287e-03,9.979999999999999982e-01,6.411100000000000132e-02,7.115622999999999365e+01,1.227869999999999934e-01,7.970299999999999607e-02
9.290000000000000480e-01,1.683779999999999999e-01,0.000000000000000000e+00,3.522819999999999840e-01,3.805900000000000255e-02,9.809999999999999831e-01,1.193779999999999980e-01,1.604600000000000123e-02,4.936829999999999830e-01,0.000000000000000000e+00,9.919999999999999929e-01,3.960000000000000325e-02,2.808669000000000082e+00,1.685300000000000131e-01,4.434199999999999947e-02
9.599999999999999645e-01,1.580439999999999900e-01,0.000000000000000000e+00,3.030909999999999993e-01,3.805900000000000255e-02,9.819999999999999840e-01,1.172669999999999962e-01,1.705299999999999871e-02,4.575380000000000003e-01,1.698000000000000074e-03,9.889999999999999902e-01,1.617800000000000141e-02,3.189584299999999928e+01,4.655000000000000110e-02,6.340800000000000602e-02
9.130000000000000338e-01,1.726219999999999977e-01,0.000000000000000000e+00,3.444320000000000159e-01,3.805900000000000255e-02,9.809999999999999831e-01,1.219329999999999997e-01,1.705299999999999871e-02,5.059609999999999941e-01,0.000000000000000000e+00,9.909999999999999920e-01,1.473299999999999957e-02,1.337142700000000062e+01,1.489320000000000088e-01,5.515699999999999770e-02
9.659999999999999698e-01,1.580000000000000016e-01,0.000000000000000000e+00,3.012380000000000058e-01,3.805900000000000255e-02,9.829999999999999849e-01,1.170439999999999953e-01,1.705299999999999871e-02,4.556959999999999900e-01,3.995000000000000287e-03,9.979999999999999982e-01,6.411100000000000132e-02,7.115622999999999365e+01,2.099229999999999985e-01,5.107000000000000428e-03
9.040000000000000258e-01,1.812219999999999942e-01,0.000000000000000000e+00,3.840729999999999977e-01,3.007599999999999857e-02,9.809999999999999831e-01,1.227110000000000006e-01,1.705299999999999871e-02,5.077610000000000179e-01,0.000000000000000000e+00,9.959999999999999964e-01,5.504400000000000265e-02,1.282389999999999919e+00,1.704380000000000062e-01,7.645499999999999519e-02
9.609999999999999654e-01,1.579109999999999958e-01,0.000000000000000000e+00,3.026010000000000089e-01,3.805900000000000255e-02,9.819999999999999840e-01,1.172669999999999962e-01,1.604600000000000123e-02,4.568059999999999898e-01,1.203000000000000076e-03,9.859999999999999876e-01,1.944399999999999948e-02,2.003837299999999999e+01,5.018999999999999850e-02,5.752199999999999674e-02
9.489999999999999547e-01,1.615109999999999879e-01,0.000000000000000000e+00,3.173099999999999810e-01,3.805900000000000255e-02,9.809999999999999831e-01,1.179560000000000053e-01,1.604600000000000123e-02,4.816489999999999938e-01,0.000000000000000000e+00,9.939999999999999947e-01,3.604399999999999965e-02,4.957428500000000327e+01,1.747180000000000122e-01,9.018999999999999240e-03
9.140000000000000346e-01,1.724439999999999862e-01,0.000000000000000000e+00,3.438729999999999842e-01,3.805900000000000255e-02,9.809999999999999831e-01,1.218889999999999973e-01,1.604600000000000123e-02,5.058240000000000514e-01,0.000000000000000000e+00,9.919999999999999929e-01,1.571099999999999927e-02,2.633303400000000138e+01,2.202790000000000026e-01,1.906599999999999961e-02
9.549999999999999600e-01,1.632000000000000117e-01,0.000000000000000000e+00,3.340029999999999943e-01,3.805900000000000255e-02,9.809999999999999831e-01,1.173330000000000067e-01,1.705299999999999871e-02,4.694789999999999797e-01,0.000000000000000000e+00,9.929999999999999938e-01,5.424400000000000055e-02,2.808827300000000093e+01,9.755199999999999982e-02,8.861499999999999932e-02
9.599999999999999645e-01,1.590669999999999862e-01,0.000000000000000000e+00,3.064830000000000054e-01,3.805900000000000255e-02,9.809999999999999831e-01,1.173330000000000067e-01,1.705299999999999871e-02,4.638760000000000105e-01,0.000000000000000000e+00,9.959999999999999964e-01,4.057800000000000296e-02,5.916059899999999772e+01,1.206600000000000034e-01,2.662499999999999936e-02
9.459999999999999520e-01,1.624440000000000051e-01,0.000000000000000000e+00,3.211200000000000165e-01,3.805900000000000255e-02,9.809999999999999831e-01,1.184670000000000029e-01,1.705299999999999871e-02,4.872279999999999944e-01,0.000000000000000000e+00,9.959999999999999964e-01,9.906700000000000228e-02,4.138660699999999792e+01,2.147300000000000042e-01,9.402000000000000635e-03
9.300000000000000488e-01,1.647329999999999905e-01,0.000000000000000000e+00,3.285560000000000147e-01,3.805900000000000255e-02,9.809999999999999831e-01,1.194220000000000004e-01,1.705299999999999871e-02,4.936760000000000037e-01,0.000000000000000000e+00,9.909999999999999920e-01,3.960000000000000325e-02,1.111420900000000067e+01,1.687069999999999959e-01,3.924400000000000110e-02
9.110000000000000320e-01,1.724439999999999862e-01,0.000000000000000000e+00,3.445099999999999829e-01,3.805900000000000255e-02,9.809999999999999831e-01,1.218670000000000031e-01,1.604600000000000123e-02,5.059850000000000181e-01,0.000000000000000000e+00,9.909999999999999920e-01,1.724399999999999891e-02,2.487100000000000075e-02,1.388310000000000100e-01,6.884700000000000542e-02
9.070000000000000284e-01,1.776669999999999916e-01,0.000000000000000000e+00,3.604629999999999779e-01,2.531999999999999876e-02,9.809999999999999831e-01,1.226669999999999983e-01,1.705299999999999871e-02,5.077420000000000266e-01,0.000000000000000000e+00,9.959999999999999964e-01,5.504400000000000265e-02,1.371982000000000035e+00,1.421850000000000058e-01,8.955399999999999472e-02
9.539999999999999591e-01,1.584669999999999968e-01,0.000000000000000000e+00,3.050760000000000138e-01,3.805900000000000255e-02,9.819999999999999840e-01,1.172440000000000010e-01,1.604600000000000123e-02,4.605679999999999774e-01,6.799999999999999946e-05,9.899999999999999911e-01,3.742199999999999693e-02,2.487100000000000075e-02,9.276500000000000024e-02,6.419000000000000226e-03
9.469999999999999529e-01,1.613330000000000042e-01,0.000000000000000000e+00,3.173469999999999902e-01,3.805900000000000255e-02,9.809999999999999831e-01,1.175999999999999962e-01,1.705299999999999871e-02,4.797259999999999858e-01,0.000000000000000000e+00,9.939999999999999947e-01,5.426700000000000274e-02,3.402201399999999865e+01,1.421759999999999968e-01,5.718499999999999972e-02
9.150000000000000355e-01,1.712220000000000131e-01,0.000000000000000000e+00,3.442700000000000204e-01,3.805900000000000255e-02,9.809999999999999831e-01,1.217779999999999974e-01,1.604600000000000123e-02,5.059059999999999668e-01,0.000000000000000000e+00,9.909999999999999920e-01,1.951100000000000056e-02,1.707249999999999879e-01,1.193319999999999936e-01,8.929399999999999837e-02
9.519999999999999574e-01,1.629780000000000117e-01,0.000000000000000000e+00,3.350279999999999925e-01,3.805900000000000255e-02,9.809999999999999831e-01,1.172890000000000044e-01,1.604600000000000123e-02,4.702080000000000148e-01,0.000000000000000000e+00,9.929999999999999938e-01,5.480000000000000149e-02,2.487100000000000075e-02,1.201590000000000019e-01,2.767199999999999868e-02
9.659999999999999698e-01,1.615330000000000099e-01,0.000000000000000000e+00,3.187889999999999890e-01,3.805900000000000255e-02,9.829999999999999849e-01,1.170670000000000044e-01,1.705299999999999871e-02,4.556649999999999867e-01,3.997999999999999818e-03,9.979999999999999982e-01,6.408899999999999320e-02,7.115622999999999365e+01,1.628840000000000010e-01,1.144099999999999978e-02
9.689999999999999725e-01,1.554889999999999883e-01,0.000000000000000000e+00,3.007239999999999913e-01,3.215300000000000102e-02,9.829999999999999849e-01,1.171110000000000068e-01,1.705299999999999871e-02,4.561000000000000054e-01,6.845000000000000390e-03,9.909999999999999920e-01,5.435600000000000154e-02,4.647042799999999829e+01,4.404500000000000082e-02,1.051030000000000020e-01
9.559999999999999609e-01,1.579560000000000131e-01,0.000000000000000000e+00,3.030100000000000016e-01,3.805900000000000255e-02,9.819999999999999840e-01,1.172669999999999962e-01,1.705299999999999871e-02,4.571089999999999876e-01,6.700000000000000226e-04,9.859999999999999876e-01,1.997799999999999923e-02,2.643200000000000063e-02,4.809999999999999692e-02,6.584600000000000175e-02
9.260000000000000453e-01,1.713560000000000083e-01,0.000000000000000000e+00,3.381799999999999806e-01,3.805900000000000255e-02,9.809999999999999831e-01,1.218439999999999940e-01,1.604600000000000123e-02,5.036680000000000046e-01,0.000000000000000000e+00,9.959999999999999964e-01,7.355999999999999692e-03,5.916059899999999772e+01,2.242609999999999881e-01,1.911699999999999858e-02
9.180000000000000382e-01,1.721330000000000082e-01,0.000000000000000000e+00,3.425849999999999729e-01,3.805900000000000255e-02,9.809999999999999831e-01,1.218439999999999940e-01,1.705299999999999871e-02,5.050139999999999629e-01,0.000000000000000000e+00,9.949999999999999956e-01,3.944399999999999989e-02,3.879295199999999966e+01,3.119819999999999816e-01,9.100999999999999715e-03
9.839999999999999858e-01,1.359779999999999878e-01,0.000000000000000000e+00,2.996650000000000147e-01,0.000000000000000000e+00,9.839999999999999858e-01,1.126670000000000033e-01,1.604600000000000123e-02,4.528900000000000148e-01,8.193000000000000629e-03,9.939999999999999947e-01,1.311099999999999939e-02,7.590760400000000629e+01,5.133800000000000169e-02,5.423399999999999749e-02
9.320000000000000506e-01,1.625999999999999945e-01,0.000000000000000000e+00,3.246660000000000101e-01,3.805900000000000255e-02,9.809999999999999831e-01,1.185110000000000052e-01,1.705299999999999871e-02,4.891769999999999730e-01,0.000000000000000000e+00,9.899999999999999911e-01,1.368899999999999978e-02,1.932816499999999849e+01,1.244080000000000047e-01,5.830500000000000266e-02
9.270000000000000462e-01,1.665780000000000038e-01,0.000000000000000000e+00,3.333139999999999992e-01,3.805900000000000255e-02,9.809999999999999831e-01,1.200890000000000013e-01,1.705299999999999871e-02,4.976849999999999885e-01,0.000000000000000000e+00,9.949999999999999956e-01,5.742200000000000082e-02,1.707249999999999879e-01,2.140269999999999950e-01,1.819700000000000137e-02
9.419999999999999485e-01,1.663779999999999981e-01,0.000000000000000000e+00,3.455920000000000103e-01,3.805900000000000255e-02,9.809999999999999831e-01,1.184889999999999971e-01,1.604600000000000123e-02,4.878970000000000251e-01,0.000000000000000000e+00,9.919999999999999929e-01,1.104400000000000000e-02,4.138660699999999792e+01,1.473349999999999937e-01,2.285200000000000078e-02
9.260000000000000453e-01,1.713780000000000026e-01,0.000000000000000000e+00,3.381799999999999806e-01,3.805900000000000255e-02,9.809999999999999831e-01,1.218439999999999940e-01,1.705299999999999871e-02,5.036659999999999471e-01,0.000000000000000000e+00,9.959999999999999964e-01,7.355999999999999692e-03,5.917221599999999881e+01,1.822050000000000058e-01,3.763999999999999985e-02
9.509999999999999565e-01,1.602889999999999870e-01,0.000000000000000000e+00,3.147610000000000130e-01,3.805900000000000255e-02,9.809999999999999831e-01,1.175110000000000043e-01,1.705299999999999871e-02,4.771380000000000066e-01,0.000000000000000000e+00,9.929999999999999938e-01,1.117800000000000044e-02,4.957209300000000241e+01,1.218189999999999967e-01,2.598100000000000062e-02
9.659999999999999698e-01,1.574440000000000006e-01,0.000000000000000000e+00,3.013660000000000228e-01,3.805900000000000255e-02,9.819999999999999840e-01,1.172220000000000067e-01,1.705299999999999871e-02,4.565540000000000154e-01,6.741999999999999729e-03,9.839999999999999858e-01,1.206699999999999960e-02,4.138660699999999792e+01,5.051499999999999740e-02,1.941000000000000017e-03
9.659999999999999698e-01,1.571559999999999901e-01,0.000000000000000000e+00,3.015309999999999935e-01,3.805900000000000255e-02,9.829999999999999849e-01,1.170000000000000068e-01,1.705299999999999871e-02,4.557760000000000145e-01,4.027000000000000197e-03,9.969999999999999973e-01,1.284399999999999951e-02,7.115622999999999365e+01,7.377799999999999636e-02,4.123500000000000082e-02
9.050000000000000266e-01,1.781109999999999915e-01,0.000000000000000000e+00,3.605610000000000204e-01,3.007599999999999857e-02,9.809999999999999831e-01,1.227329999999999949e-01,1.705299999999999871e-02,5.077580000000000426e-01,0.000000000000000000e+00,9.959999999999999964e-01,5.504400000000000265e-02,2.643200000000000063e-02,2.939510000000000178e-01,9.348999999999999672e-03
9.519999999999999574e-01,1.600000000000000033e-01,0.000000000000000000e+00,3.152420000000000222e-01,3.805900000000000255e-02,9.809999999999999831e-01,1.174219999999999986e-01,1.604600000000000123e-02,4.763290000000000024e-01,0.000000000000000000e+00,9.919999999999999929e-01,1.551100000000000048e-02,3.879295199999999966e+01,9.992199999999999693e-02,6.180499999999999883e-02
9.689999999999999725e-01,1.538219999999999865e-01,0.000000000000000000e+00,3.006539999999999768e-01,2.495500000000000149e-02,9.829999999999999849e-01,1.165329999999999977e-01,1.604600000000000123e-02,4.554039999999999755e-01,4.104000000000000009e-03,9.949999999999999956e-01,1.288899999999999942e-02,7.115622999999999365e+01,7.069999999999999896e-02,9.731000000000000066e-03
9.529999999999999583e-01,1.575110000000000121e-01,0.000000000000000000e+00,3.043210000000000082e-01,3.805900000000000255e-02,9.819999999999999840e-01,1.171999999999999986e-01,1.705299999999999871e-02,4.587260000000000226e-01,9.600000000000000243e-05,9.869999999999999885e-01,1.993299999999999933e-02,1.606440000000000090e-01,4.908699999999999869e-02,7.637399999999999745e-02
9.639999999999999680e-01,1.580439999999999900e-01,0.000000000000000000e+00,3.030800000000000161e-01,3.805900000000000255e-02,9.819999999999999840e-01,1.172440000000000010e-01,1.705299999999999871e-02,4.574300000000000033e-01,1.209999999999999921e-03,9.959999999999999964e-01,3.551100000000000090e-02,5.917221599999999881e+01,9.959800000000000597e-02,8.784500000000000641e-02
9.649999999999999689e-01,1.574440000000000006e-01,0.000000000000000000e+00,3.018230000000000079e-01,3.805900000000000255e-02,9.819999999999999840e-01,1.172220000000000067e-01,1.705299999999999871e-02,4.567629999999999746e-01,6.732000000000000137e-03,9.819999999999999840e-01,1.468900000000000067e-02,1.606440000000000090e-01,4.774500000000000272e-02,1.941000000000000017e-03
9.649999999999999689e-01,1.581110000000000015e-01,0.000000000000000000e+00,3.016159999999999952e-01,3.805900000000000255e-02,9.819999999999999840e-01,1.172440000000000010e-01,1.604600000000000123e-02,4.566330000000000111e-01,6.687000000000000235e-03,9.849999999999999867e-01,1.208900000000000079e-02,4.138660699999999792e+01,4.474800000000000305e-02,2.144899999999999932e-02
9.589999999999999636e-01,1.572890000000000121e-01,0.000000000000000000e+00,3.044149999999999912e-01,3.805900000000000255e-02,9.819999999999999840e-01,1.171999999999999986e-01,1.705299999999999871e-02,4.605469999999999842e-01,1.227999999999999925e-03,9.939999999999999947e-01,6.771099999999999342e-02,3.402201399999999865e+01,1.462729999999999864e-01,6.596000000000000300e-03
9.020000000000000240e-01,1.783109999999999973e-01,0.000000000000000000e+00,3.608970000000000233e-01,3.007599999999999857e-02,9.809999999999999831e-01,1.227560000000000040e-01,1.604600000000000123e-02,5.080449999999999688e-01,0.000000000000000000e+00,9.909999999999999920e-01,1.495600000000000054e-02,2.487100000000000075e-02,2.566490000000000160e-01,1.000200000000000047e-02
9.629999999999999671e-01,1.574669999999999959e-01,0.000000000000000000e+00,3.019589999999999774e-01,3.805900000000000255e-02,9.819999999999999840e-01,1.172220000000000067e-01,1.705299999999999871e-02,4.567599999999999993e-01,4.015999999999999605e-03,9.829999999999999849e-01,1.468900000000000067e-02,1.606440000000000090e-01,2.368100000000000066e-02,9.815300000000000413e-02
9.609999999999999654e-01,1.569329999999999892e-01,0.000000000000000000e+00,3.025019999999999931e-01,3.805900000000000255e-02,9.819999999999999840e-01,1.171330000000000010e-01,1.604600000000000123e-02,4.563599999999999879e-01,4.035999999999999657e-03,9.909999999999999920e-01,2.399999999999999790e-03,5.546880600000000072e+01,4.541800000000000004e-02,5.525800000000000156e-02
9.649999999999999689e-01,1.580439999999999900e-01,0.000000000000000000e+00,3.016909999999999870e-01,3.805900000000000255e-02,9.819999999999999840e-01,1.172440000000000010e-01,1.604600000000000123e-02,4.567530000000000201e-01,3.788000000000000134e-03,9.879999999999999893e-01,2.966699999999999893e-02,2.633303400000000138e+01,7.466399999999999426e-02,8.534999999999999185e-03
9.689999999999999725e-01,1.555110000000000103e-01,0.000000000000000000e+00,3.216160000000000130e-01,2.495500000000000149e-02,9.819999999999999840e-01,1.163330000000000058e-01,1.705299999999999871e-02,4.555250000000000132e-01,7.193999999999999874e-03,9.899999999999999911e-01,9.688999999999999696e-03,5.916059899999999772e+01,4.997900000000000259e-02,2.991999999999999868e-02
9.519999999999999574e-01,1.600000000000000033e-01,0.000000000000000000e+00,3.152420000000000222e-01,3.805900000000000255e-02,9.809999999999999831e-01,1.174219999999999986e-01,1.705299999999999871e-02,4.763290000000000024e-01,0.000000000000000000e+00,9.919999999999999929e-01,1.551100000000000048e-02,3.879295199999999966e+01,1.011979999999999963e-01,5.811199999999999699e-02
9.449999999999999512e-01,1.657780000000000087e-01,0.000000000000000000e+00,3.429690000000000238e-01,3.805900000000000255e-02,9.809999999999999831e-01,1.184889999999999971e-01,1.604600000000000123e-02,4.866389999999999882e-01,0.000000000000000000e+00,9.919999999999999929e-01,7.778000000000000191e-03,4.957428500000000327e+01,1.481740000000000002e-01,7.753999999999999608e-03
9.639999999999999680e-01,1.579780000000000073e-01,0.000000000000000000e+00,3.030749999999999833e-01,3.805900000000000255e-02,9.819999999999999840e-01,1.172440000000000010e-01,1.604600000000000123e-02,4.574199999999999933e-01,1.211000000000000054e-03,9.959999999999999964e-01,3.551100000000000090e-02,5.917221599999999881e+01,1.548309999999999964e-01,3.130000000000000187e-04
9.509999999999999565e-01,1.587999999999999967e-01,0.000000000000000000e+00,3.122570000000000068e-01,3.805900000000000255e-02,9.809999999999999831e-01,1.172440000000000010e-01,1.705299999999999871e-02,4.722239999999999771e-01,0.000000000000000000e+00,9.939999999999999947e-01,6.808899999999999675e-02,2.487100000000000075e-02,1.178069999999999951e-01,2.920599999999999932e-02
9.529999999999999583e-01,1.582000000000000073e-01,0.000000000000000000e+00,3.046780000000000044e-01,3.805900000000000255e-02,9.819999999999999840e-01,1.172440000000000010e-01,1.705299999999999871e-02,4.594489999999999963e-01,7.600000000000000418e-05,9.889999999999999902e-01,3.124400000000000094e-02,2.643200000000000063e-02,7.021099999999999564e-02,1.867999999999999869e-02
9.649999999999999689e-01,1.579780000000000073e-01,0.000000000000000000e+00,3.020149999999999779e-01,3.805900000000000255e-02,9.819999999999999840e-01,1.172220000000000067e-01,1.705299999999999871e-02,4.562329999999999997e-01,4.003999999999999747e-03,9.949999999999999956e-01,1.671100000000000016e-02,5.917221599999999881e+01,7.419199999999999406e-02,1.201799999999999917e-02
9.230000000000000426e-01,1.706439999999999901e-01,0.000000000000000000e+00,3.568529999999999758e-01,3.805900000000000255e-02,9.809999999999999831e-01,1.200890000000000013e-01,1.604600000000000123e-02,4.977380000000000138e-01,0.000000000000000000e+00,9.949999999999999956e-01,5.737799999999999845e-02,1.707249999999999879e-01,2.439560000000000062e-01,9.684999999999999165e-03
9.619999999999999662e-01,1.581780000000000130e-01,0.000000000000000000e+00,3.027469999999999883e-01,3.805900000000000255e-02,9.819999999999999840e-01,1.172440000000000010e-01,1.705299999999999871e-02,4.568189999999999751e-01,4.003999999999999747e-03,9.919999999999999929e-01,2.224399999999999988e-02,4.647261900000000168e+01,7.174099999999999921e-02,1.323700000000000050e-02
9.639999999999999680e-01,1.575110000000000121e-01,0.000000000000000000e+00,3.019290000000000029e-01,3.805900000000000255e-02,9.819999999999999840e-01,1.172220000000000067e-01,1.604600000000000123e-02,4.567260000000000209e-01,6.740999999999999596e-03,9.829999999999999849e-01,1.288899999999999942e-02,2.633303400000000138e+01,4.198999999999999955e-02,1.995800000000000005e-02
9.539999999999999591e-01,1.602889999999999870e-01,0.000000000000000000e+00,3.143320000000000003e-01,3.805900000000000255e-02,9.809999999999999831e-01,1.175110000000000043e-01,1.705299999999999871e-02,4.768930000000000113e-01,0.000000000000000000e+00,9.949999999999999956e-01,5.628899999999999876e-02,4.957209300000000241e+01,1.275310000000000055e-01,6.174500000000000127e-02
9.649999999999999689e-01,1.580670000000000130e-01,0.000000000000000000e+00,3.015530000000000155e-01,3.805900000000000255e-02,9.819999999999999840e-01,1.172440000000000010e-01,1.604600000000000123e-02,4.566109999999999891e-01,3.996000000000000420e-03,9.899999999999999911e-01,2.440000000000000155e-02,4.138660699999999792e+01,7.134999999999999676e-02,9.294999999999999443e-03
9.300000000000000488e-01,1.645999999999999963e-01,0.000000000000000000e+00,3.286319999999999797e-01,3.805900000000000255e-02,9.809999999999999831e-01,1.194000000000000061e-01,1.705299999999999871e-02,4.936800000000000077e-01,0.000000000000000000e+00,9.919999999999999929e-01,3.960000000000000325e-02,1.606440000000000090e-01,2.410219999999999863e-01,8.677999999999999950e-03
9.629999999999999671e-01,1.550439999999999874e-01,0.000000000000000000e+00,3.281370000000000120e-01,2.247999999999999998e-02,9.819999999999999840e-01,1.160670000000000035e-01,1.705299999999999871e-02,4.579329999999999790e-01,6.729999999999999871e-04,9.869999999999999885e-01,1.975599999999999926e-02,2.633303400000000138e+01,7.387699999999999823e-02,7.822000000000000827e-03
9.669999999999999707e-01,1.570890000000000064e-01,0.000000000000000000e+00,3.013379999999999947e-01,3.805900000000000255e-02,9.829999999999999849e-01,1.169329999999999953e-01,1.705299999999999871e-02,4.556109999999999882e-01,4.029999999999999728e-03,9.969999999999999973e-01,1.184400000000000036e-02,7.590760400000000629e+01,8.972499999999999920e-02,7.619999999999999820e-04
9.310000000000000497e-01,1.644670000000000021e-01,0.000000000000000000e+00,3.283550000000000080e-01,3.805900000000000255e-02,9.809999999999999831e-01,1.193779999999999980e-01,1.604600000000000123e-02,4.934919999999999862e-01,0.000000000000000000e+00,9.949999999999999956e-01,5.864400000000000168e-02,2.487100000000000075e-02,1.903809999999999947e-01,3.175700000000000051e-02
9.479999999999999538e-01,1.597780000000000034e-01,0.000000000000000000e+00,3.126090000000000257e-01,3.805900000000000255e-02,9.809999999999999831e-01,1.173330000000000067e-01,1.705299999999999871e-02,4.724760000000000071e-01,0.000000000000000000e+00,9.929999999999999938e-01,5.979999999999999899e-02,1.707249999999999879e-01,9.923999999999999488e-02,5.945299999999999890e-02
9.040000000000000258e-01,1.781560000000000088e-01,0.000000000000000000e+00,3.607770000000000143e-01,3.007599999999999857e-02,9.809999999999999831e-01,1.227560000000000040e-01,1.705299999999999871e-02,5.079989999999999783e-01,0.000000000000000000e+00,9.919999999999999929e-01,1.673300000000000134e-02,1.252446600000000032e+01,2.415559999999999929e-01,1.080000000000000057e-02
9.429999999999999494e-01,1.609780000000000100e-01,0.000000000000000000e+00,3.191550000000000220e-01,3.805900000000000255e-02,9.809999999999999831e-01,1.175110000000000043e-01,1.705299999999999871e-02,4.806400000000000117e-01,0.000000000000000000e+00,9.909999999999999920e-01,3.791100000000000025e-02,1.606440000000000090e-01,1.731109999999999871e-01,8.505000000000000407e-03
9.210000000000000409e-01,1.723999999999999977e-01,0.000000000000000000e+00,3.421969999999999734e-01,3.805900000000000255e-02,9.809999999999999831e-01,1.219329999999999997e-01,1.604600000000000123e-02,5.048059999999999770e-01,0.000000000000000000e+00,9.949999999999999956e-01,3.751100000000000267e-02,4.138660699999999792e+01,1.947669999999999957e-01,4.357699999999999768e-02
9.419999999999999485e-01,1.612220000000000042e-01,0.000000000000000000e+00,3.182989999999999986e-01,3.805900000000000255e-02,9.809999999999999831e-01,1.175780000000000020e-01,1.604600000000000123e-02,4.802750000000000075e-01,0.000000000000000000e+00,9.909999999999999920e-01,1.746699999999999989e-02,2.808827300000000093e+01,9.975000000000000533e-02,6.757100000000000606e-02
9.619999999999999662e-01,1.577330000000000121e-01,0.000000000000000000e+00,3.020880000000000232e-01,3.805900000000000255e-02,9.819999999999999840e-01,1.172669999999999962e-01,1.604600000000000123e-02,4.567849999999999966e-01,4.006000000000000012e-03,9.829999999999999849e-01,1.533299999999999941e-02,1.707249999999999879e-01,3.977599999999999886e-02,3.769100000000000228e-02
9.419999999999999485e-01,1.653330000000000077e-01,0.000000000000000000e+00,3.422279999999999767e-01,3.805900000000000255e-02,9.809999999999999831e-01,1.175999999999999962e-01,1.705299999999999871e-02,4.802950000000000275e-01,0.000000000000000000e+00,9.909999999999999920e-01,1.748900000000000107e-02,2.808827300000000093e+01,1.740790000000000115e-01,5.088999999999999774e-03
9.799999999999999822e-01,1.432670000000000055e-01,0.000000000000000000e+00,3.000030000000000197e-01,2.799999999999999972e-03,9.829999999999999849e-01,1.149779999999999969e-01,1.604600000000000123e-02,4.545930000000000248e-01,7.498999999999999590e-03,9.859999999999999876e-01,8.710999999999999993e-03,5.545718899999999962e+01,4.628700000000000175e-02,1.330999999999999935e-03
9.040000000000000258e-01,1.782219999999999915e-01,0.000000000000000000e+00,3.605780000000000096e-01,3.007599999999999857e-02,9.809999999999999831e-01,1.227560000000000040e-01,1.705299999999999871e-02,5.077690000000000259e-01,0.000000000000000000e+00,9.959999999999999964e-01,5.504400000000000265e-02,2.643200000000000063e-02,2.553079999999999794e-01,1.728199999999999875e-02
9.060000000000000275e-01,1.777110000000000078e-01,0.000000000000000000e+00,3.606550000000000034e-01,2.531999999999999876e-02,9.809999999999999831e-01,1.226890000000000064e-01,1.705299999999999871e-02,5.079700000000000326e-01,0.000000000000000000e+00,9.919999999999999929e-01,1.660000000000000017e-02,1.337142700000000062e+01,2.540120000000000156e-01,8.947999999999999357e-03
9.389999999999999458e-01,1.633999999999999897e-01,0.000000000000000000e+00,3.309429999999999872e-01,3.215300000000000102e-02,9.809999999999999831e-01,1.198440000000000061e-01,1.705299999999999871e-02,4.965390000000000081e-01,0.000000000000000000e+00,9.929999999999999938e-01,3.217799999999999827e-02,4.138660699999999792e+01,2.263660000000000116e-01,9.613999999999999282e-03
9.499999999999999556e-01,1.602889999999999870e-01,0.000000000000000000e+00,3.157650000000000179e-01,3.805900000000000255e-02,9.809999999999999831e-01,1.175110000000000043e-01,1.705299999999999871e-02,4.780320000000000125e-01,0.000000000000000000e+00,9.929999999999999938e-01,1.226700000000000013e-02,4.647042799999999829e+01,1.948179999999999912e-01,5.542000000000000051e-03
9.689999999999999725e-01,1.497779999999999945e-01,0.000000000000000000e+00,3.019990000000000174e-01,2.247999999999999998e-02,9.819999999999999840e-01,1.159560000000000035e-01,1.705299999999999871e-02,4.558039999999999869e-01,1.884999999999999957e-03,9.839999999999999858e-01,2.166699999999999876e-02,1.707249999999999879e-01,4.890900000000000108e-02,2.733100000000000113e-02
9.649999999999999689e-01,1.573559999999999959e-01,0.000000000000000000e+00,3.019990000000000174e-01,3.805900000000000255e-02,9.819999999999999840e-01,1.171999999999999986e-01,1.604600000000000123e-02,4.561569999999999792e-01,4.023999999999999799e-03,9.949999999999999956e-01,1.671100000000000016e-02,5.916059899999999772e+01,8.085299999999999432e-02,4.166999999999999697e-03
9.679999999999999716e-01,1.572000000000000064e-01,0.000000000000000000e+00,3.005599999999999938e-01,3.805900000000000255e-02,9.829999999999999849e-01,1.169560000000000044e-01,1.705299999999999871e-02,4.556310000000000082e-01,4.017999999999999870e-03,9.959999999999999964e-01,1.188900000000000026e-02,7.582938900000000615e+01,7.449699999999999378e-02,1.896700000000000122e-02
9.639999999999999680e-01,1.579780000000000073e-01,0.000000000000000000e+00,3.030749999999999833e-01,3.805900000000000255e-02,9.819999999999999840e-01,1.172440000000000010e-01,1.705299999999999871e-02,4.574199999999999933e-01,1.211000000000000054e-03,9.959999999999999964e-01,3.551100000000000090e-02,5.917221599999999881e+01,1.173059999999999936e-01,3.957700000000000107e-02
9.549999999999999600e-01,1.597109999999999919e-01,0.000000000000000000e+00,3.109910000000000174e-01,3.805900000000000255e-02,9.809999999999999831e-01,1.173330000000000067e-01,1.604600000000000123e-02,4.712100000000000177e-01,0.000000000000000000e+00,9.939999999999999947e-01,5.855599999999999694e-02,3.402201399999999865e+01,1.319079999999999975e-01,1.252799999999999921e-02
9.220000000000000417e-01,1.755329999999999946e-01,0.000000000000000000e+00,3.638299999999999867e-01,3.805900000000000255e-02,9.809999999999999831e-01,1.219110000000000055e-01,1.705299999999999871e-02,5.047099999999999920e-01,0.000000000000000000e+00,9.939999999999999947e-01,9.756000000000000782e-03,4.647261900000000168e+01,1.917810000000000070e-01,3.500999999999999945e-02
9.140000000000000346e-01,1.783329999999999915e-01,0.000000000000000000e+00,3.584419999999999829e-01,3.007599999999999857e-02,9.809999999999999831e-01,1.227779999999999982e-01,1.604600000000000123e-02,5.070620000000000127e-01,0.000000000000000000e+00,9.949999999999999956e-01,3.684400000000000175e-02,4.138660699999999792e+01,1.315719999999999945e-01,9.458999999999999353e-02
9.110000000000000320e-01,1.781109999999999915e-01,0.000000000000000000e+00,3.590490000000000070e-01,3.007599999999999857e-02,9.809999999999999831e-01,1.227560000000000040e-01,1.604600000000000123e-02,5.073569999999999469e-01,0.000000000000000000e+00,9.929999999999999938e-01,1.211100000000000024e-02,3.879295199999999966e+01,2.525049999999999795e-01,8.973000000000000073e-03
9.589999999999999636e-01,1.564889999999999892e-01,0.000000000000000000e+00,3.045640000000000014e-01,3.215300000000000102e-02,9.819999999999999840e-01,1.171110000000000068e-01,1.604600000000000123e-02,4.590540000000000176e-01,6.700000000000000226e-04,9.879999999999999893e-01,1.853300000000000086e-02,2.808827300000000093e+01,9.272299999999999986e-02,4.734000000000000360e-03
9.669999999999999707e-01,1.614669999999999994e-01,0.000000000000000000e+00,3.225970000000000226e-01,3.805900000000000255e-02,9.819999999999999840e-01,1.172220000000000067e-01,1.705299999999999871e-02,4.563079999999999914e-01,6.721999999999999677e-03,9.889999999999999902e-01,9.421999999999999820e-03,5.545718899999999962e+01,4.918800000000000255e-02,2.442199999999999926e-02
9.469999999999999529e-01,1.602220000000000033e-01,0.000000000000000000e+00,3.164699999999999736e-01,3.805900000000000255e-02,9.809999999999999831e-01,1.174219999999999986e-01,1.604600000000000123e-02,4.775130000000000208e-01,0.000000000000000000e+00,9.909999999999999920e-01,1.880000000000000074e-02,2.633303400000000138e+01,1.120870000000000061e-01,4.737600000000000144e-02
9.260000000000000453e-01,1.745109999999999995e-01,0.000000000000000000e+00,3.586469999999999936e-01,3.805900000000000255e-02,9.809999999999999831e-01,1.218219999999999997e-01,1.604600000000000123e-02,5.036629999999999718e-01,0.000000000000000000e+00,9.959999999999999964e-01,7.355999999999999692e-03,5.916059899999999772e+01,1.237810000000000021e-01,9.754200000000000370e-02
9.150000000000000355e-01,1.775329999999999964e-01,0.000000000000000000e+00,3.589260000000000228e-01,2.531999999999999876e-02,9.809999999999999831e-01,1.226669999999999983e-01,1.604600000000000123e-02,5.073609999999999509e-01,0.000000000000000000e+00,9.959999999999999964e-01,5.451099999999999696e-02,3.402201399999999865e+01,1.511379999999999946e-01,7.561500000000000166e-02
9.260000000000000453e-01,1.713780000000000026e-01,0.000000000000000000e+00,3.381799999999999806e-01,3.805900000000000255e-02,9.809999999999999831e-01,1.218439999999999940e-01,1.604600000000000123e-02,5.036659999999999471e-01,0.000000000000000000e+00,9.959999999999999964e-01,7.355999999999999692e-03,5.916059899999999772e+01,1.732619999999999993e-01,5.081000000000000100e-02
9.659999999999999698e-01,1.575999999999999901e-01,0.000000000000000000e+00,3.015160000000000062e-01,3.805900000000000255e-02,9.829999999999999849e-01,1.170670000000000044e-01,1.705299999999999871e-02,4.557769999999999877e-01,2.092999999999999809e-03,9.979999999999999982e-01,5.411099999999999938e-02,7.123444499999999380e+01,1.401840000000000031e-01,2.780099999999999932e-02
9.469999999999999529e-01,1.604889999999999928e-01,0.000000000000000000e+00,3.161200000000000121e-01,3.805900000000000255e-02,9.809999999999999831e-01,1.174889999999999962e-01,1.604600000000000123e-02,4.771940000000000071e-01,0.000000000000000000e+00,9.899999999999999911e-01,1.779999999999999985e-02,2.996761100000000155e+01,9.868699999999999695e-02,6.287600000000000133e-02
9.579999999999999627e-01,1.607329999999999870e-01,0.000000000000000000e+00,3.288590000000000124e-01,3.215300000000000102e-02,9.819999999999999840e-01,1.171330000000000010e-01,1.705299999999999871e-02,4.595560000000000200e-01,6.700000000000000226e-04,9.879999999999999893e-01,1.908899999999999833e-02,2.633303400000000138e+01,4.779300000000000215e-02,8.607199999999999573e-02
9.290000000000000480e-01,1.649559999999999915e-01,0.000000000000000000e+00,3.286660000000000137e-01,3.805900000000000255e-02,9.809999999999999831e-01,1.194000000000000061e-01,1.604600000000000123e-02,4.937280000000000002e-01,0.000000000000000000e+00,9.909999999999999920e-01,3.962199999999999750e-02,2.643200000000000063e-02,1.457009999999999972e-01,6.665500000000000591e-02
9.290000000000000480e-01,1.649559999999999915e-01,0.000000000000000000e+00,3.286640000000000117e-01,3.805900000000000255e-02,9.809999999999999831e-01,1.194000000000000061e-01,1.604600000000000123e-02,4.937270000000000270e-01,0.000000000000000000e+00,9.909999999999999920e-01,3.962199999999999750e-02,1.606440000000000090e-01,1.193990000000000051e-01,9.656599999999999906e-02
9.669999999999999707e-01,1.580000000000000016e-01,0.000000000000000000e+00,3.011269999999999780e-01,3.805900000000000255e-02,9.819999999999999840e-01,1.172220000000000067e-01,1.705299999999999871e-02,4.563860000000000139e-01,3.995000000000000287e-03,9.929999999999999938e-01,1.824399999999999980e-02,5.545718899999999962e+01,7.366599999999999537e-02,7.627000000000000099e-03
9.519999999999999574e-01,1.598670000000000091e-01,0.000000000000000000e+00,3.147079999999999878e-01,3.805900000000000255e-02,9.809999999999999831e-01,1.174219999999999986e-01,1.705299999999999871e-02,4.757560000000000122e-01,0.000000000000000000e+00,9.919999999999999929e-01,1.451099999999999959e-02,4.138660699999999792e+01,1.593950000000000089e-01,7.196000000000000139e-03
9.689999999999999725e-01,1.566889999999999949e-01,0.000000000000000000e+00,2.999760000000000204e-01,3.805900000000000255e-02,9.829999999999999849e-01,1.171559999999999963e-01,1.604600000000000123e-02,4.561060000000000114e-01,6.769999999999999976e-03,9.879999999999999893e-01,1.080000000000000057e-02,5.917221599999999881e+01,4.720599999999999796e-02,1.712999999999999939e-02
9.649999999999999689e-01,1.578670000000000073e-01,0.000000000000000000e+00,3.024169999999999914e-01,3.805900000000000255e-02,9.819999999999999840e-01,1.172440000000000010e-01,1.705299999999999871e-02,4.567450000000000121e-01,1.696999999999999941e-03,9.959999999999999964e-01,5.011100000000000276e-02,5.917221599999999881e+01,9.804400000000000615e-02,5.079299999999999787e-02
9.120000000000000329e-01,1.810440000000000105e-01,0.000000000000000000e+00,3.822630000000000194e-01,3.007599999999999857e-02,9.809999999999999831e-01,1.227110000000000006e-01,1.604600000000000123e-02,5.072039999999999882e-01,0.000000000000000000e+00,9.939999999999999947e-01,3.877799999999999997e-02,3.879295199999999966e+01,1.460970000000000046e-01,7.711999999999999411e-02
9.190000000000000391e-01,1.724670000000000092e-01,0.000000000000000000e+00,3.428430000000000089e-01,3.805900000000000255e-02,9.809999999999999831e-01,1.219329999999999997e-01,1.705299999999999871e-02,5.052010000000000112e-01,0.000000000000000000e+00,9.929999999999999938e-01,1.237800000000000011e-02,3.879295199999999966e+01,1.835610000000000019e-01,3.605499999999999677e-02
9.469999999999999529e-01,1.602220000000000033e-01,0.000000000000000000e+00,3.163989999999999858e-01,3.805900000000000255e-02,9.809999999999999831e-01,1.174219999999999986e-01,1.705299999999999871e-02,4.773459999999999925e-01,0.000000000000000000e+00,9.909999999999999920e-01,1.842200000000000087e-02,2.808827300000000093e+01,1.427209999999999868e-01,1.512299999999999929e-02
9.210000000000000409e-01,1.719559999999999977e-01,0.000000000000000000e+00,3.412240000000000273e-01,3.805900000000000255e-02,9.809999999999999831e-01,1.218219999999999997e-01,1.604600000000000123e-02,5.045490000000000252e-01,0.000000000000000000e+00,9.949999999999999956e-01,3.493299999999999877e-02,4.647042799999999829e+01,2.460080000000000044e-01,8.774999999999999814e-03
9.659999999999999698e-01,1.494439999999999935e-01,0.000000000000000000e+00,3.029720000000000191e-01,2.203300000000000050e-02,9.819999999999999840e-01,1.159110000000000001e-01,1.705299999999999871e-02,4.559810000000000252e-01,3.405000000000000041e-03,9.889999999999999902e-01,1.384400000000000040e-02,4.138660699999999792e+01,6.941200000000000148e-02,9.771000000000000171e-03
9.240000000000000435e-01,1.718220000000000025e-01,0.000000000000000000e+00,3.405239999999999934e-01,3.805900000000000255e-02,9.809999999999999831e-01,1.218439999999999940e-01,1.604600000000000123e-02,5.043649999999999523e-01,0.000000000000000000e+00,9.939999999999999947e-01,8.666999999999999357e-03,4.957209300000000241e+01,1.210539999999999949e-01,9.202200000000000657e-02
9.659999999999999698e-01,1.573330000000000006e-01,0.000000000000000000e+00,3.012250000000000205e-01,3.805900000000000255e-02,9.829999999999999849e-01,1.170220000000000010e-01,1.604600000000000123e-02,4.555939999999999990e-01,4.017999999999999870e-03,9.979999999999999982e-01,6.408899999999999320e-02,7.115622999999999365e+01,1.198560000000000042e-01,4.762099999999999667e-02
9.599999999999999645e-01,1.580000000000000016e-01,0.000000000000000000e+00,3.037360000000000060e-01,3.805900000000000255e-02,9.819999999999999840e-01,1.172669999999999962e-01,1.705299999999999871e-02,4.577030000000000265e-01,2.773999999999999990e-03,9.919999999999999929e-01,2.537800000000000125e-02,3.879295199999999966e+01,8.873200000000000531e-02,6.435999999999999881e-03
9.389999999999999458e-01,1.614220000000000099e-01,0.000000000000000000e+00,3.194799999999999862e-01,3.805900000000000255e-02,9.809999999999999831e-01,1.175999999999999962e-01,1.705299999999999871e-02,4.808379999999999876e-01,0.000000000000000000e+00,9.889999999999999902e-01,1.517800000000000052e-02,2.643200000000000063e-02,9.925100000000000589e-02,7.811600000000000488e-02
9.290000000000000480e-01,1.646670000000000078e-01,0.000000000000000000e+00,3.286419999999999897e-01,3.805900000000000255e-02,9.809999999999999831e-01,1.194000000000000061e-01,1.604600000000000123e-02,4.936829999999999830e-01,0.000000000000000000e+00,9.919999999999999929e-01,3.960000000000000325e-02,2.643200000000000063e-02,1.935139999999999916e-01,1.807800000000000032e-02
9.140000000000000346e-01,1.781109999999999915e-01,0.000000000000000000e+00,3.583939999999999904e-01,3.007599999999999857e-02,9.809999999999999831e-01,1.227560000000000040e-01,1.705299999999999871e-02,5.070449999999999680e-01,0.000000000000000000e+00,9.939999999999999947e-01,3.686699999999999700e-02,4.138660699999999792e+01,2.185699999999999865e-01,2.909399999999999833e-02
9.120000000000000329e-01,1.724439999999999862e-01,0.000000000000000000e+00,3.444240000000000079e-01,3.805900000000000255e-02,9.809999999999999831e-01,1.218670000000000031e-01,1.604600000000000123e-02,5.059630000000000516e-01,0.000000000000000000e+00,9.919999999999999929e-01,1.704400000000000012e-02,1.252446600000000032e+01,1.798800000000000121e-01,3.772899999999999865e-02
9.399999999999999467e-01,1.614220000000000099e-01,0.000000000000000000e+00,3.194429999999999770e-01,3.805900000000000255e-02,9.809999999999999831e-01,1.175999999999999962e-01,1.604600000000000123e-02,4.808140000000000192e-01,0.000000000000000000e+00,9.899999999999999911e-01,1.975599999999999926e-02,2.487100000000000075e-02,9.863700000000000245e-02,8.490399999999999336e-02
9.459999999999999520e-01,1.617109999999999936e-01,0.000000000000000000e+00,3.204159999999999786e-01,3.805900000000000255e-02,9.809999999999999831e-01,1.184889999999999971e-01,1.705299999999999871e-02,4.865940000000000265e-01,0.000000000000000000e+00,9.929999999999999938e-01,1.006699999999999956e-02,4.957428500000000327e+01,1.014700000000000046e-01,7.192700000000000482e-02
9.779999999999999805e-01,1.395329999999999904e-01,0.000000000000000000e+00,3.024379999999999846e-01,0.000000000000000000e+00,9.829999999999999849e-01,1.137999999999999984e-01,1.705299999999999871e-02,4.560819999999999874e-01,7.219999999999999855e-04,9.849999999999999867e-01,1.928900000000000059e-02,2.808827300000000093e+01,4.917799999999999949e-02,4.830799999999999678e-02
9.250000000000000444e-01,1.721779999999999977e-01,0.000000000000000000e+00,3.405360000000000054e-01,3.805900000000000255e-02,9.809999999999999831e-01,1.219329999999999997e-01,1.705299999999999871e-02,5.043490000000000473e-01,0.000000000000000000e+00,9.939999999999999947e-01,1.442200000000000079e-02,4.957428500000000327e+01,2.388270000000000115e-01,8.866999999999999882e-03
9.529999999999999583e-01,1.581559999999999910e-01,0.000000000000000000e+00,3.046769999999999756e-01,3.805900000000000255e-02,9.819999999999999840e-01,1.172669999999999962e-01,1.705299999999999871e-02,4.594460000000000210e-01,7.700000000000000139e-05,9.889999999999999902e-01,3.124400000000000094e-02,2.487100000000000075e-02,4.713400000000000228e-02,7.999000000000000554e-02
9.190000000000000391e-01,1.724219999999999919e-01,0.000000000000000000e+00,3.428320000000000256e-01,3.805900000000000255e-02,9.809999999999999831e-01,1.219559999999999950e-01,1.604600000000000123e-02,5.051980000000000359e-01,0.000000000000000000e+00,9.929999999999999938e-01,1.237800000000000011e-02,3.879295199999999966e+01,2.019539999999999946e-01,2.984399999999999900e-02
9.519999999999999574e-01,1.581329999999999958e-01,0.000000000000000000e+00,3.049520000000000008e-01,3.805900000000000255e-02,9.819999999999999840e-01,1.172669999999999962e-01,1.604600000000000123e-02,4.595130000000000048e-01,8.000000000000000654e-05,9.869999999999999885e-01,1.937799999999999939e-02,1.606440000000000090e-01,7.209599999999999342e-02,1.906899999999999915e-02
9.659999999999999698e-01,1.576670000000000016e-01,0.000000000000000000e+00,3.013850000000000140e-01,3.805900000000000255e-02,9.819999999999999840e-01,1.172440000000000010e-01,1.604600000000000123e-02,4.563019999999999854e-01,4.009999999999999676e-03,9.929999999999999938e-01,1.666700000000000126e-02,5.546880600000000072e+01,4.972599999999999937e-02,6.072600000000000220e-02
9.649999999999999689e-01,1.580670000000000130e-01,0.000000000000000000e+00,3.015860000000000207e-01,3.805900000000000255e-02,9.819999999999999840e-01,1.172440000000000010e-01,1.604600000000000123e-02,4.566029999999999811e-01,3.994000000000000154e-03,9.899999999999999911e-01,2.235600000000000087e-02,4.138660699999999792e+01,4.605900000000000272e-02,6.531599999999999906e-02
9.130000000000000338e-01,1.783329999999999915e-01,0.000000000000000000e+00,3.588930000000000176e-01,3.007599999999999857e-02,9.809999999999999831e-01,1.227779999999999982e-01,1.604600000000000123e-02,5.072039999999999882e-01,0.000000000000000000e+00,9.929999999999999938e-01,1.319999999999999993e-02,4.138660699999999792e+01,1.730669999999999986e-01,5.383600000000000191e-02
9.270000000000000462e-01,1.733109999999999928e-01,0.000000000000000000e+00,3.576230000000000242e-01,2.470999999999999933e-02,9.809999999999999831e-01,1.221330000000000054e-01,1.705299999999999871e-02,5.068719999999999892e-01,0.000000000000000000e+00,9.929999999999999938e-01,1.297799999999999995e-02,4.138660699999999792e+01,2.382509999999999906e-01,1.258599999999999997e-02
9.579999999999999627e-01,1.582000000000000073e-01,0.000000000000000000e+00,3.039259999999999740e-01,3.805900000000000255e-02,9.819999999999999840e-01,1.172440000000000010e-01,1.604600000000000123e-02,4.583579999999999877e-01,5.670000000000000127e-04,9.899999999999999911e-01,2.879999999999999921e-02,2.808827300000000093e+01,7.061299999999999522e-02,1.868799999999999975e-02
9.409999999999999476e-01,1.620000000000000051e-01,0.000000000000000000e+00,3.311740000000000239e-01,2.495500000000000149e-02,9.809999999999999831e-01,1.196440000000000003e-01,1.604600000000000123e-02,4.966010000000000146e-01,0.000000000000000000e+00,9.929999999999999938e-01,3.426699999999999885e-02,3.879295199999999966e+01,1.970139999999999947e-01,1.995500000000000052e-02
9.479999999999999538e-01,1.596220000000000139e-01,0.000000000000000000e+00,3.161900000000000266e-01,3.805900000000000255e-02,9.809999999999999831e-01,1.173779999999999962e-01,1.604600000000000123e-02,4.773240000000000260e-01,0.000000000000000000e+00,9.909999999999999920e-01,3.813300000000000023e-02,2.633303400000000138e+01,1.790760000000000129e-01,5.485000000000000292e-03
9.679999999999999716e-01,1.538219999999999865e-01,0.000000000000000000e+00,3.012569999999999970e-01,2.495500000000000149e-02,9.819999999999999840e-01,1.167109999999999953e-01,1.604600000000000123e-02,4.563559999999999839e-01,6.952999999999999979e-03,9.819999999999999840e-01,2.171100000000000113e-02,2.643200000000000063e-02,2.335999999999999882e-02,8.906999999999999640e-02
9.519999999999999574e-01,1.580000000000000016e-01,0.000000000000000000e+00,3.044250000000000012e-01,3.805900000000000255e-02,9.819999999999999840e-01,1.172669999999999962e-01,1.604600000000000123e-02,4.588269999999999849e-01,8.200000000000000095e-05,9.869999999999999885e-01,1.628900000000000139e-02,2.487100000000000075e-02,8.302500000000000158e-02,7.762999999999999935e-03
9.419999999999999485e-01,1.596440000000000081e-01,0.000000000000000000e+00,3.215799999999999770e-01,3.215300000000000102e-02,9.809999999999999831e-01,1.178000000000000019e-01,1.604600000000000123e-02,4.844910000000000050e-01,0.000000000000000000e+00,9.909999999999999920e-01,3.675599999999999701e-02,2.487100000000000075e-02,1.494209999999999983e-01,3.426200000000000079e-02
9.659999999999999698e-01,1.581110000000000015e-01,0.000000000000000000e+00,3.021269999999999789e-01,3.805900000000000255e-02,9.829999999999999849e-01,1.169779999999999986e-01,1.604600000000000123e-02,4.571689999999999920e-01,8.249999999999999955e-04,9.979999999999999982e-01,7.282199999999999784e-02,7.582938900000000615e+01,9.615799999999999348e-02,8.675499999999999878e-02
9.589999999999999636e-01,1.593559999999999977e-01,0.000000000000000000e+00,3.082219999999999960e-01,3.805900000000000255e-02,9.809999999999999831e-01,1.174000000000000044e-01,1.604600000000000123e-02,4.662089999999999845e-01,0.000000000000000000e+00,9.959999999999999964e-01,2.731099999999999847e-02,5.916059899999999772e+01,1.367109999999999992e-01,3.695099999999999774e-02
9.549999999999999600e-01,1.608219999999999927e-01,0.000000000000000000e+00,3.146169999999999800e-01,3.805900000000000255e-02,9.809999999999999831e-01,1.176220000000000043e-01,1.705299999999999871e-02,4.775090000000000168e-01,0.000000000000000000e+00,9.959999999999999964e-01,8.982199999999999906e-02,4.647261900000000168e+01,1.058179999999999954e-01,8.693299999999999639e-02
9.499999999999999556e-01,1.576440000000000063e-01,0.000000000000000000e+00,3.132699999999999929e-01,3.215300000000000102e-02,9.809999999999999831e-01,1.171559999999999963e-01,1.604600000000000123e-02,4.726699999999999791e-01,0.000000000000000000e+00,9.879999999999999893e-01,1.715600000000000111e-02,2.643200000000000063e-02,1.203020000000000062e-01,2.713799999999999893e-02
9.629999999999999671e-01,1.582000000000000073e-01,0.000000000000000000e+00,3.026389999999999914e-01,3.805900000000000255e-02,9.819999999999999840e-01,1.172669999999999962e-01,1.705299999999999871e-02,4.566520000000000024e-01,4.002999999999999614e-03,9.909999999999999920e-01,1.864400000000000085e-02,4.957428500000000327e+01,8.190400000000000458e-02,8.779000000000000345e-03
9.519999999999999574e-01,1.612669999999999937e-01,0.000000000000000000e+00,3.361979999999999968e-01,3.215300000000000102e-02,9.809999999999999831e-01,1.171559999999999963e-01,1.705299999999999871e-02,4.720759999999999956e-01,0.000000000000000000e+00,9.939999999999999947e-01,6.808899999999999675e-02,2.643200000000000063e-02,9.636100000000000221e-02,6.381900000000000073e-02
9.419999999999999485e-01,1.610000000000000042e-01,0.000000000000000000e+00,3.173340000000000050e-01,3.805900000000000255e-02,9.809999999999999831e-01,1.175110000000000043e-01,1.705299999999999871e-02,4.779550000000000187e-01,0.000000000000000000e+00,9.889999999999999902e-01,1.795599999999999974e-02,1.606440000000000090e-01,1.215750000000000025e-01,4.515500000000000069e-02
9.479999999999999538e-01,1.593779999999999919e-01,0.000000000000000000e+00,3.157519999999999771e-01,3.805900000000000255e-02,9.809999999999999831e-01,1.173560000000000020e-01,1.705299999999999871e-02,4.771360000000000046e-01,0.000000000000000000e+00,9.949999999999999956e-01,8.271100000000000674e-02,1.606440000000000090e-01,1.110990000000000033e-01,5.965700000000000169e-02
9.419999999999999485e-01,1.652889999999999915e-01,0.000000000000000000e+00,3.428720000000000101e-01,3.805900000000000255e-02,9.809999999999999831e-01,1.176220000000000043e-01,1.705299999999999871e-02,4.805409999999999959e-01,0.000000000000000000e+00,9.939999999999999947e-01,5.553299999999999903e-02,2.643200000000000063e-02,9.754699999999999482e-02,9.468100000000000127e-02
9.529999999999999583e-01,1.584440000000000015e-01,0.000000000000000000e+00,3.051599999999999868e-01,3.805900000000000255e-02,9.819999999999999840e-01,1.172669999999999962e-01,1.604600000000000123e-02,4.605989999999999807e-01,6.899999999999999667e-05,9.899999999999999911e-01,3.400000000000000244e-02,2.487100000000000075e-02,6.862000000000000044e-02,3.238100000000000006e-02
9.140000000000000346e-01,1.812890000000000057e-01,0.000000000000000000e+00,3.802349999999999897e-01,3.007599999999999857e-02,9.809999999999999831e-01,1.227329999999999949e-01,1.604600000000000123e-02,5.068639999999999812e-01,0.000000000000000000e+00,9.959999999999999964e-01,4.102200000000000291e-02,4.647042799999999829e+01,2.323649999999999882e-01,1.989199999999999996e-02
9.449999999999999512e-01,1.587780000000000025e-01,0.000000000000000000e+00,3.171530000000000182e-01,3.215300000000000102e-02,9.809999999999999831e-01,1.173330000000000067e-01,1.604600000000000123e-02,4.777739999999999765e-01,0.000000000000000000e+00,9.879999999999999893e-01,1.793300000000000102e-02,2.487100000000000075e-02,9.964599999999999846e-02,6.762300000000000255e-02
9.589999999999999636e-01,1.592220000000000024e-01,0.000000000000000000e+00,3.108859999999999957e-01,3.805900000000000255e-02,9.809999999999999831e-01,1.174889999999999962e-01,1.604600000000000123e-02,4.726449999999999818e-01,0.000000000000000000e+00,9.969999999999999973e-01,7.942200000000000648e-02,5.917221599999999881e+01,1.935449999999999948e-01,5.943000000000000366e-03
9.419999999999999485e-01,1.614889999999999937e-01,0.000000000000000000e+00,3.189930000000000265e-01,3.805900000000000255e-02,9.809999999999999831e-01,1.175780000000000020e-01,1.604600000000000123e-02,4.805659999999999932e-01,0.000000000000000000e+00,9.939999999999999947e-01,5.553299999999999903e-02,2.643200000000000063e-02,1.721550000000000025e-01,6.309000000000000372e-03
9.429999999999999494e-01,1.592220000000000024e-01,0.000000000000000000e+00,3.193030000000000035e-01,3.215300000000000102e-02,9.809999999999999831e-01,1.174670000000000020e-01,1.705299999999999871e-02,4.806960000000000122e-01,0.000000000000000000e+00,9.879999999999999893e-01,1.357799999999999979e-02,2.643200000000000063e-02,1.497249999999999970e-01,1.937399999999999886e-02
9.529999999999999583e-01,1.609329999999999927e-01,0.000000000000000000e+00,3.143949999999999800e-01,3.805900000000000255e-02,9.809999999999999831e-01,1.175780000000000020e-01,1.604600000000000123e-02,4.769700000000000051e-01,0.000000000000000000e+00,9.949999999999999956e-01,5.624400000000000233e-02,4.957428500000000327e+01,1.437150000000000094e-01,3.598500000000000310e-02
9.659999999999999698e-01,1.496220000000000050e-01,0.000000000000000000e+00,3.032279999999999975e-01,2.247999999999999998e-02,9.819999999999999840e-01,1.159560000000000035e-01,1.604600000000000123e-02,4.567959999999999798e-01,3.200000000000000262e-04,9.859999999999999876e-01,2.460000000000000034e-02,2.487100000000000075e-02,4.778899999999999815e-02,3.945200000000000096e-02
9.130000000000000338e-01,1.724670000000000092e-01,0.000000000000000000e+00,3.443669999999999787e-01,3.805900000000000255e-02,9.809999999999999831e-01,1.219110000000000055e-01,1.705299999999999871e-02,5.059160000000000323e-01,0.000000000000000000e+00,9.919999999999999929e-01,1.911099999999999952e-02,1.337142700000000062e+01,1.483659999999999979e-01,6.763199999999999767e-02
9.489999999999999547e-01,1.597999999999999976e-01,0.000000000000000000e+00,3.157539999999999791e-01,3.805900000000000255e-02,9.809999999999999831e-01,1.173779999999999962e-01,1.604600000000000123e-02,4.771730000000000138e-01,0.000000000000000000e+00,9.949999999999999956e-01,8.273300000000000098e-02,2.643200000000000063e-02,9.375500000000000500e-02,8.522699999999999720e-02
9.250000000000000444e-01,1.717329999999999968e-01,0.000000000000000000e+00,3.403209999999999846e-01,3.805900000000000255e-02,9.809999999999999831e-01,1.218219999999999997e-01,1.604600000000000123e-02,5.041759999999999575e-01,0.000000000000000000e+00,9.959999999999999964e-01,3.842199999999999782e-02,4.957428500000000327e+01,1.852280000000000038e-01,4.168000000000000177e-02
9.220000000000000417e-01,1.717779999999999863e-01,0.000000000000000000e+00,3.411509999999999820e-01,3.805900000000000255e-02,9.809999999999999831e-01,1.218219999999999997e-01,1.604600000000000123e-02,5.044990000000000308e-01,0.000000000000000000e+00,9.959999999999999964e-01,4.182199999999999807e-02,4.647261900000000168e+01,2.527679999999999927e-01,8.978999999999999135e-03
9.190000000000000391e-01,1.725559999999999872e-01,0.000000000000000000e+00,3.428269999999999929e-01,3.805900000000000255e-02,9.809999999999999831e-01,1.219329999999999997e-01,1.604600000000000123e-02,5.052259999999999529e-01,0.000000000000000000e+00,9.959999999999999964e-01,5.539999999999999786e-02,3.402201399999999865e+01,1.893700000000000105e-01,3.864700000000000080e-02
9.130000000000000338e-01,1.724670000000000092e-01,0.000000000000000000e+00,3.444269999999999832e-01,3.805900000000000255e-02,9.809999999999999831e-01,1.219110000000000055e-01,1.705299999999999871e-02,5.059639999999999693e-01,0.000000000000000000e+00,9.919999999999999929e-01,1.704400000000000012e-02,1.252446600000000032e+01,1.713349999999999873e-01,4.400600000000000345e-02
9.459999999999999520e-01,1.612669999999999937e-01,0.000000000000000000e+00,3.185000000000000053e-01,3.805900000000000255e-02,9.809999999999999831e-01,1.175999999999999962e-01,1.705299999999999871e-02,4.803939999999999877e-01,0.000000000000000000e+00,9.949999999999999956e-01,7.275600000000000123e-02,1.707249999999999879e-01,1.708820000000000061e-01,5.925999999999999844e-03
9.559999999999999609e-01,1.584440000000000015e-01,0.000000000000000000e+00,3.046440000000000259e-01,3.805900000000000255e-02,9.819999999999999840e-01,1.172669999999999962e-01,1.705299999999999871e-02,4.597169999999999868e-01,4.049999999999999781e-04,9.909999999999999920e-01,2.911100000000000146e-02,2.633303400000000138e+01,4.851300000000000057e-02,9.856700000000000184e-02
9.439999999999999503e-01,1.614440000000000042e-01,0.000000000000000000e+00,3.187380000000000213e-01,3.805900000000000255e-02,9.809999999999999831e-01,1.175999999999999962e-01,1.604600000000000123e-02,4.804889999999999994e-01,0.000000000000000000e+00,9.949999999999999956e-01,6.444400000000000128e-02,2.487100000000000075e-02,1.229800000000000060e-01,6.854200000000000570e-02
9.689999999999999725e-01,1.495779999999999887e-01,0.000000000000000000e+00,3.023730000000000029e-01,2.247999999999999998e-02,9.819999999999999840e-01,1.159560000000000035e-01,1.705299999999999871e-02,4.559529999999999972e-01,3.168999999999999942e-03,9.879999999999999893e-01,2.073300000000000143e-02,3.402201399999999865e+01,4.961600000000000038e-02,3.633800000000000224e-02
9.579999999999999627e-01,1.587780000000000025e-01,0.000000000000000000e+00,3.121399999999999730e-01,3.215300000000000102e-02,9.809999999999999831e-01,1.174670000000000020e-01,1.604600000000000123e-02,4.740119999999999889e-01,0.000000000000000000e+00,9.969999999999999973e-01,8.282200000000000673e-02,5.545718899999999962e+01,1.348870000000000069e-01,4.202800000000000286e-02
9.629999999999999671e-01,1.586440000000000072e-01,0.000000000000000000e+00,3.050559999999999938e-01,3.805900000000000255e-02,9.809999999999999831e-01,1.173109999999999986e-01,1.705299999999999871e-02,4.613119999999999998e-01,4.060000000000000024e-04,9.959999999999999964e-01,5.004399999999999821e-02,5.917221599999999881e+01,1.369100000000000039e-01,9.431000000000000147e-03
9.120000000000000329e-01,1.725559999999999872e-01,0.000000000000000000e+00,3.445130000000000137e-01,3.805900000000000255e-02,9.809999999999999831e-01,1.219329999999999997e-01,1.705299999999999871e-02,5.059930000000000261e-01,0.000000000000000000e+00,9.909999999999999920e-01,1.720000000000000001e-02,1.707249999999999879e-01,1.720490000000000075e-01,3.888199999999999990e-02
9.569999999999999618e-01,1.630439999999999945e-01,0.000000000000000000e+00,3.332649999999999779e-01,3.805900000000000255e-02,9.809999999999999831e-01,1.173330000000000067e-01,1.705299999999999871e-02,4.688390000000000057e-01,1.399999999999999979e-05,9.939999999999999947e-01,5.306700000000000306e-02,3.402201399999999865e+01,1.194130000000000053e-01,3.507199999999999901e-02
9.419999999999999485e-01,1.614889999999999937e-01,0.000000000000000000e+00,3.189939999999999998e-01,3.805900000000000255e-02,9.809999999999999831e-01,1.175780000000000020e-01,1.604600000000000123e-02,4.805679999999999952e-01,0.000000000000000000e+00,9.939999999999999947e-01,5.553299999999999903e-02,2.643200000000000063e-02,1.248620000000000008e-01,6.485200000000000686e-02
